,0_RfR 0,0_RfR 1,0_RfR 2,1_RfR 0,1_RfR 1,1_RfR 2,2_RfR 0,2_RfR 1,2_RfR 2,3_RfR 0,3_RfR 1,3_RfR 2,4_RfR 0,4_RfR 1,4_RfR 2,EWS_DaysToThreat,A.1_DikeIncrease 0,A.1_DikeIncrease 1,A.1_DikeIncrease 2,A.2_DikeIncrease 0,A.2_DikeIncrease 1,A.2_DikeIncrease 2,A.3_DikeIncrease 0,A.3_DikeIncrease 1,A.3_DikeIncrease 2,A.4_DikeIncrease 0,A.4_DikeIncrease 1,A.4_DikeIncrease 2,A.5_DikeIncrease 0,A.5_DikeIncrease 1,A.5_DikeIncrease 2,Expected Annual Damage,Dike Investment Costs,RfR Investment Costs,Evacuation Costs,Expected Number of Deaths
0,1,1,0,0,0,0,1,1,1,0,1,0,0,0,0,2,0,0,0,3,0,0,0,2,1,1,6,0,8,0,0,80374.62149860941,159521845.8983511,382500000.0,3.102475562593527,5.137104292740809e-06
1,0,0,0,0,0,0,1,0,0,0,0,0,0,0,0,3,4,1,0,3,0,0,2,0,1,6,6,3,9,0,0,2090493.1233069408,270716449.36210454,30700000.0,96.69635672634445,0.0002120864371747833
2,1,0,0,0,0,0,1,1,0,0,0,0,0,0,0,1,6,0,0,1,0,0,0,0,0,6,5,1,10,0,0,22124119.196650475,192413779.03200987,146000000.0,501.42070940005556,0.006510293429448187
3,1,0,0,0,0,0,0,0,0,0,0,0,0,0,0,3,0,0,0,2,0,0,0,0,0,2,1,7,6,0,0,145849537.05231583,112958500.44805148,84600000.0,2362.4614534257203,0.012232704817131441
4,0,0,0,0,0,0,1,0,1,0,0,0,0,0,0,0,3,0,0,0,0,0,0,0,3,1,1,1,0,0,0,1062105633.1604589,86107280.96538208,61400000.0,0.0,0.7892889831950897
5,0,0,0,0,0,0,1,0,1,0,0,0,0,0,0,3,4,0,0,0,2,0,3,0,1,2,0,0,8,0,0,39063052.00520725,193112314.87112245,61400000.0,1905.1143903834782,0.003707590052986254
6,0,0,0,0,0,0,0,0,0,0,0,0,0,0,0,2,3,0,0,3,0,0,0,0,1,4,5,7,7,0,0,84386971.27427647,196280693.88945562,0.0,2621.3701949685756,0.016540306830874645
7,0,0,0,0,0,0,1,0,0,0,0,0,0,0,0,3,4,0,0,3,0,0,0,3,1,4,6,4,9,0,0,9417953.811214592,233113903.50679857,30700000.0,337.11912854902124,0.0014128230471425567
8,1,0,1,0,0,0,0,0,0,0,0,0,0,0,0,0,0,0,0,3,0,0,1,0,2,3,1,7,9,0,0,31520360.85287813,175939058.7032374,169200000.0,0.0,0.0449700604691384
9,0,0,0,0,0,0,0,0,0,0,0,0,0,0,0,0,4,0,0,0,0,0,0,0,6,6,1,0,7,3,0,113247402.0607214,182158913.0175719,0.0,0.0,0.10164478726681525
10,0,0,0,0,0,0,1,0,0,0,0,0,0,0,0,2,3,0,0,0,0,0,0,0,0,4,5,0,7,0,0,99274623.02148837,108841232.02426898,30700000.0,3652.8583463254645,0.012162211419489899
11,0,0,0,0,0,0,1,0,1,0,0,0,0,0,0,0,3,0,0,0,1,0,3,0,1,2,3,7,8,0,0,39521009.23679232,208894207.50902703,61400000.0,0.0,0.0295132509428099
12,0,0,0,0,0,0,0,0,0,0,0,0,0,0,0,0,3,0,0,3,0,0,7,0,0,1,2,1,8,1,0,20405183.86355985,226472574.57666194,0.0,0.0,0.014910788984907612
13,1,0,0,0,0,0,0,0,0,0,0,0,0,0,0,3,0,0,0,0,0,0,4,0,0,4,5,0,7,0,0,217282500.09089482,92953105.91219914,84600000.0,5910.101190623117,0.01727723016065686
14,0,0,0,0,0,0,1,0,0,0,0,0,0,0,0,3,5,0,0,3,0,0,2,0,1,0,1,4,9,3,0,5391872.650184343,256223315.05013603,30700000.0,278.27557595077775,0.00040369127112761084
15,0,0,0,0,0,0,0,0,0,0,0,0,0,0,0,1,3,0,0,0,0,0,0,0,1,5,5,7,7,0,0,135309278.7719668,150903619.6717796,0.0,2877.011356838746,0.04367334569860983
16,1,0,1,0,0,0,1,0,1,0,0,0,0,0,0,1,0,0,0,0,5,0,0,0,5,2,5,6,9,0,0,19163995.99301081,176416643.45764142,230600000.0,386.73720881576673,0.005301593211989421
17,0,0,0,0,0,0,1,1,0,0,1,0,0,0,0,0,4,0,0,3,0,0,0,0,6,1,1,0,7,0,0,23211581.05632662,184140546.56265628,182600000.0,0.0,0.018411423596337965
18,1,1,0,0,0,0,1,0,0,0,0,0,0,0,0,0,0,0,0,0,0,0,0,0,2,4,6,0,7,0,0,90834755.90723896,90453550.46440527,199900000.0,0.0,0.07480346404223183
19,0,0,0,0,0,0,0,0,0,0,0,0,0,0,0,0,3,0,0,0,0,0,0,0,1,5,5,7,8,0,0,128178578.06239986,155173807.82383177,0.0,0.0,0.11637512405014674
20,0,0,0,0,0,0,1,0,1,0,0,0,0,0,0,3,3,0,0,0,0,0,0,0,1,1,2,1,0,0,0,1062105633.1604589,83485372.63454425,61400000.0,61319.36096062501,0.09471467798341075
21,1,1,0,0,0,0,1,0,0,0,0,0,0,0,0,0,0,0,0,0,0,0,3,0,0,3,5,5,7,0,0,89488260.97307813,103569936.70377377,199900000.0,0.0,0.07170578293865179
22,0,1,0,0,0,0,0,1,0,0,1,0,0,0,0,1,3,0,0,3,0,0,0,0,1,6,2,1,8,0,0,12447739.477736458,188723509.32643765,236500000.0,248.5526160251752,0.0073308219904745855
23,1,0,0,0,0,0,1,0,0,0,0,0,0,0,0,2,3,0,0,0,0,0,0,0,0,0,5,3,8,0,0,70748010.98976722,111823824.4868722,115300000.0,2649.829802922529,0.00889763370039933
24,1,0,0,0,0,0,1,1,0,0,0,0,0,0,0,0,0,0,0,0,0,0,1,0,1,3,2,0,7,0,0,142363520.2536886,102048827.5063121,146000000.0,0.0,0.08412795413753818
25,0,0,0,0,0,0,1,1,1,0,1,0,0,0,0,3,4,0,0,0,0,0,0,0,0,0,5,7,7,0,0,22783491.381771844,119980863.21349436,213300000.0,1074.4817889583924,0.0021436723114182862
26,1,1,0,0,0,0,1,0,0,1,0,0,0,0,0,3,0,0,0,0,0,0,0,0,1,5,5,0,7,0,0,57094766.53025949,88655228.12128711,321100000.0,2684.0932059547895,0.005496915520356582
27,1,1,0,0,0,0,1,0,1,1,0,0,0,0,0,1,0,0,0,7,0,0,0,0,5,2,5,0,8,0,0,0.0,169747784.22556427,351800000.0,0.0,0.0
28,0,0,0,0,0,0,1,1,0,0,1,0,0,0,0,3,3,0,0,0,0,0,0,0,0,1,5,1,7,0,0,41587811.37301862,111985425.80273324,182600000.0,1711.7139812144374,0.0038457022952774434
29,1,1,0,0,0,0,1,0,0,0,0,1,0,0,0,0,0,0,0,0,0,0,0,0,1,0,4,3,7,0,0,58152698.78161567,83857429.19606891,321100000.0,0.0,0.04623187375916246
30,1,0,0,0,0,0,1,0,0,0,0,0,0,0,0,0,0,0,0,0,0,0,3,0,1,2,5,0,7,0,0,181664947.712168,110013917.99341133,115300000.0,0.0,0.11520354901239287
31,1,1,0,0,0,0,1,0,0,0,1,1,0,0,0,0,0,0,0,0,0,0,0,0,1,0,5,3,1,0,0,312738258.21071345,66405118.84879851,442300000.0,0.0,0.2343015768593409
32,0,0,0,0,0,0,1,0,0,0,0,0,0,0,0,1,3,0,0,2,0,0,3,0,0,6,2,7,8,0,0,17736267.533073492,197987728.20237902,30700000.0,283.4183636009464,0.0047710320083245664
33,0,0,0,0,0,0,1,0,1,0,0,1,0,0,0,1,3,0,0,3,0,0,0,0,1,6,6,1,8,0,0,7605729.940938549,196341152.58404258,182600000.0,55.876010741014284,0.0017024777529278854
34,0,0,1,0,0,0,1,0,0,0,0,0,0,0,0,0,0,0,0,0,0,0,0,0,0,2,5,7,5,0,0,289950002.8851125,73890207.66063964,115300000.0,0.0,0.19987839400607454
35,1,0,0,0,0,0,1,1,0,0,1,0,0,0,0,3,0,1,0,0,0,0,0,0,1,0,4,0,7,0,0,87756912.77711743,106882897.62878731,267200000.0,1933.6817385801796,0.006424044909317331
36,1,0,1,0,0,0,1,0,1,0,1,0,0,0,0,1,0,0,0,0,0,0,0,0,0,2,5,3,8,0,0,33982081.432080075,78328865.11689457,351800000.0,774.0459195447736,0.009834629132904444
37,0,1,0,0,0,0,0,0,0,0,0,1,0,0,0,2,0,0,0,0,0,0,0,0,0,2,4,3,0,0,0,844500077.0479733,28042731.117693808,205800000.0,34325.470078238344,0.09299642766144137
38,1,0,0,0,0,0,1,1,1,0,0,1,0,0,0,0,3,0,0,0,0,0,0,0,6,3,6,3,8,0,0,21720422.985245943,155967058.61045384,297900000.0,0.0,0.017436281663000666
39,1,0,0,0,0,0,1,0,1,1,0,0,0,0,0,0,3,0,0,0,0,0,0,0,5,1,4,0,8,0,0,33982081.432080075,135900893.27514175,267200000.0,0.0,0.0273184142580679
40,1,0,1,0,0,0,0,0,1,0,0,0,0,0,0,0,0,0,0,0,0,0,4,0,1,2,5,3,8,0,0,65824217.156111956,127951590.25712007,199900000.0,0.0,0.05288296677763722
41,1,1,0,0,0,0,0,1,1,0,0,1,0,0,0,0,0,0,0,0,0,0,0,0,1,3,5,0,7,0,0,33982081.432080075,85188883.65875629,351800000.0,0.0,0.0273184142580679
42,0,0,0,0,0,0,1,0,0,0,0,0,0,0,0,0,3,0,0,0,0,0,0,0,1,2,6,4,7,0,0,98440485.84817751,140262851.64283478,30700000.0,0.0,0.07953256891147596
43,0,0,0,0,0,0,1,1,0,1,0,1,0,0,0,3,3,0,0,0,0,0,0,0,0,1,5,0,7,0,0,41407614.60391764,104252820.59485261,303800000.0,1705.7658147568557,0.0038109999149495703
44,0,0,0,0,0,0,0,1,1,0,0,0,0,0,0,0,3,0,0,0,0,0,0,0,1,0,1,2,5,0,0,247346440.27634805,113170893.10591018,61400000.0,0.0,0.19227182001623627
45,0,0,0,0,0,1,1,0,1,0,0,1,0,0,0,1,3,0,0,3,0,0,0,0,0,0,6,0,8,0,0,1134271.7579840194,151184364.9134463,400400000.0,26.798035667431055,0.00017097320343129624
46,0,0,0,0,0,0,0,0,1,0,0,0,0,0,0,3,3,0,0,0,0,0,0,0,1,4,3,0,8,0,0,75821169.61326486,130419123.00249738,30700000.0,3306.6868490711727,0.007393102861033869
47,0,0,0,0,0,0,1,0,0,0,0,0,0,0,0,1,3,0,0,3,0,0,0,0,1,5,7,1,8,0,0,33038676.000998523,196296345.0736549,30700000.0,558.8961406318488,0.014324895640054833
48,1,1,0,0,0,0,0,0,0,0,1,0,0,0,0,0,0,0,0,3,0,0,4,0,2,0,5,7,10,0,0,11341616.773725906,185718773.3815819,290400000.0,0.0,0.009121950806656773
49,0,0,0,0,0,0,0,0,0,0,0,0,0,0,0,3,4,0,0,3,0,0,1,0,0,4,5,4,8,0,0,44691793.12766364,199928441.39339834,0.0,1759.7607437511404,0.007570858833109781
50,0,0,0,0,0,0,0,0,0,0,0,0,0,0,0,3,1,0,0,0,0,0,0,0,0,0,5,1,6,0,0,1478937251.1970448,91514451.25903861,0.0,13467.719908670002,0.10228242281797147
51,0,0,0,0,0,0,1,0,1,0,0,0,0,0,0,3,3,0,0,0,0,0,0,0,1,4,2,0,8,0,0,55326260.333330154,129136492.26702929,61400000.0,2360.502256772901,0.005149589551160847
52,0,1,0,0,0,0,0,0,0,0,0,0,0,0,0,0,0,0,0,0,0,0,0,0,1,0,2,4,7,0,0,230580763.6482067,82193983.56583111,84600000.0,0.0,0.16594022118900467
53,1,0,0,0,0,0,1,0,1,0,0,0,0,0,0,0,4,0,0,0,0,0,0,0,0,4,2,0,7,0,0,71433362.416925,110123458.79473436,146000000.0,0.0,0.05704826913195272
54,0,0,0,0,0,1,1,0,1,0,0,1,0,0,0,1,3,0,0,3,0,0,0,0,0,4,7,0,8,0,0,0.0,164606296.49287665,400400000.0,0.0,0.0
55,0,0,0,0,0,0,1,1,1,0,0,0,0,0,0,0,4,0,0,0,0,0,3,0,0,3,2,5,9,0,0,33684976.59939178,154816733.07166946,92100000.0,0.0,0.026865242475908283
56,1,1,0,0,0,0,0,0,0,0,0,0,0,0,0,0,0,0,0,2,0,0,3,0,1,1,5,0,7,0,0,46395344.226012446,151429899.93343094,169200000.0,0.0,0.03782460012079486
57,0,0,0,0,0,0,1,0,1,0,0,0,0,0,0,2,3,0,0,0,0,0,0,0,0,0,2,1,5,0,0,247297248.54529223,93060416.79958628,61400000.0,10344.093929302191,0.02883566464638978
58,0,0,0,0,0,1,1,0,0,0,0,0,0,0,0,0,3,0,0,3,0,0,0,0,0,4,0,0,8,0,0,24744409.791890904,148293102.27683327,248500000.0,0.0,0.03458204921939313
59,0,0,0,0,0,0,1,0,0,0,0,0,0,0,0,0,4,0,0,0,0,0,0,0,1,2,2,7,3,0,0,440667658.0321638,129985764.47992668,30700000.0,0.0,0.34309461154308446
60,0,1,0,0,0,0,1,1,0,0,0,0,0,0,0,2,3,0,0,0,0,0,0,0,0,2,6,0,7,0,0,71433362.416925,107278434.04108134,146000000.0,2833.97145345232,0.008557240369792909
61,0,0,0,0,0,0,0,1,1,0,0,0,0,0,0,0,3,0,0,0,0,1,0,0,0,0,2,5,10,0,0,46668838.79965981,157883490.5088753,61400000.0,0.0,0.03668782018444385
62,1,1,0,0,0,0,1,0,1,0,0,0,0,0,0,2,0,0,0,0,0,0,0,0,1,1,5,0,7,0,0,71513448.354191,82260602.567797,230600000.0,2837.068565039205,0.008562348725838581
63,0,1,0,0,0,0,1,0,0,0,0,0,0,0,0,0,4,0,0,2,0,0,0,0,1,6,2,5,8,0,0,12521760.108349292,195467882.3262575,115300000.0,0.0,0.012520880682280574
64,0,0,1,0,0,0,1,0,0,0,0,0,0,0,0,0,7,0,0,3,0,0,0,0,0,3,0,2,8,0,0,24744409.791890904,181008498.8957434,115300000.0,0.0,0.03458204921939313
65,1,1,0,0,0,0,1,1,0,1,1,1,0,0,0,0,0,0,0,0,0,0,0,0,1,2,1,0,0,0,0,243518994.15830743,34391522.93223618,594200000.0,0.0,0.17704166402247118
66,1,0,1,0,0,0,0,0,1,1,0,0,0,0,0,0,0,0,0,0,0,0,0,0,0,2,0,4,0,0,0,688565299.7281669,17701182.393370774,321100000.0,0.0,0.5122231869533195
67,0,1,1,0,1,0,1,0,0,0,1,1,0,0,0,3,0,0,0,0,0,0,0,0,0,2,2,5,6,0,0,47875141.907229856,68108498.47904038,660100000.0,2250.5408174854256,0.0046089719971488625
68,0,1,1,0,0,0,1,0,1,0,1,0,0,0,0,3,1,0,0,1,0,0,0,0,0,0,5,1,8,0,0,18535547.528875407,137949602.52427047,351800000.0,870.5979050253347,0.0017640372156770996
69,0,1,0,0,0,0,1,0,0,0,1,0,0,0,0,0,4,0,0,2,0,0,0,0,0,6,2,5,7,0,0,25188652.1393015,170898406.54688466,236500000.0,0.0,0.03197846537346356
70,0,0,0,0,0,0,0,0,0,0,0,0,0,0,0,0,3,1,0,0,0,0,0,0,0,0,2,7,7,1,0,123482198.1453203,176908567.8907805,0.0,0.0,0.11322238747065066
71,1,0,0,0,0,0,0,0,0,0,0,0,0,0,0,1,0,0,0,0,0,0,1,0,0,0,3,1,7,0,0,221215048.3754843,79937364.23799694,84600000.0,2937.286652499187,0.05405049531953438
72,1,0,1,0,0,0,1,1,0,1,1,1,0,0,0,0,0,0,0,0,0,0,0,0,1,3,0,1,3,0,0,65985674.20250209,66095376.73523728,594200000.0,0.0,0.05100766990120448
73,0,1,1,0,0,0,1,0,1,1,0,0,0,0,0,3,4,0,0,1,0,0,0,0,0,1,5,6,8,0,0,17475032.201039854,167722324.22425687,351800000.0,817.0295407411384,0.0017129220990617481
74,1,1,1,0,0,0,1,1,0,0,0,0,0,0,0,0,0,0,0,1,0,0,0,0,0,1,5,6,8,0,0,22204205.13391649,119874376.26280263,315200000.0,0.0,0.018118204122104995
75,1,0,0,0,0,0,0,1,0,1,0,0,0,0,0,1,0,0,0,0,0,0,0,0,0,0,2,1,3,0,0,283580575.46631366,44443761.34729548,236500000.0,4940.243239095272,0.06909734548296442
76,0,0,0,0,0,0,0,1,0,0,0,0,0,0,0,0,3,0,0,1,0,0,0,0,4,2,5,7,9,0,0,44609722.58108641,197267541.68567395,30700000.0,0.0,0.037056790748609236
77,0,0,0,0,0,0,0,0,0,0,0,0,0,0,0,3,3,0,0,0,0,0,0,0,0,2,5,1,0,0,0,1115201855.9919357,69458575.72536036,0.0,63562.410691833735,0.10152935500239511
78,0,1,0,0,0,0,1,0,1,0,0,0,0,0,0,1,0,0,0,0,0,0,0,0,7,1,0,0,6,0,0,146302778.75671914,80816034.43171279,146000000.0,1259.8947789048857,0.03139710632130081
79,0,0,1,0,0,0,0,0,0,0,0,0,0,0,0,0,0,0,0,0,0,0,1,0,0,1,2,4,0,0,0,1196484207.3938706,44926134.878599435,84600000.0,0.0,0.8699223030134631
80,0,0,0,0,0,0,0,0,0,0,0,0,0,0,0,0,3,0,0,0,0,0,0,0,0,1,2,6,0,6,0,521212117.0050932,110389921.96616983,0.0,0.0,0.37274377605288855
81,1,0,0,0,1,0,1,1,1,0,0,0,0,0,0,0,0,0,0,0,0,0,0,0,1,0,2,2,4,0,0,289145540.7824639,68850212.81724615,394500000.0,0.0,0.22447814087890866
82,1,0,0,0,0,0,1,0,1,1,0,1,0,0,0,0,0,0,0,0,0,0,0,0,0,3,2,2,0,0,0,628278898.4205928,25236480.803278465,388400000.0,0.0,0.4288416821360673
83,0,0,0,0,0,0,1,1,0,0,0,0,0,0,0,0,3,0,0,0,0,0,0,0,1,6,1,5,0,0,0,1062025547.2231929,96913643.33071274,61400000.0,0.0,0.7892549274881185
84,1,1,1,0,0,0,1,1,1,1,0,1,0,0,0,2,0,0,0,0,0,0,0,0,0,1,4,7,8,0,0,21605081.21055894,81681620.51080254,588300000.0,818.6458990543249,0.0025876765315015356
85,0,1,1,0,1,0,1,1,0,1,0,0,0,0,0,3,0,0,0,0,0,0,0,0,0,1,2,1,6,0,0,53952990.87387526,61168251.736571275,569600000.0,2681.7080870097743,0.005161686760800855
86,1,1,1,0,0,0,1,0,0,1,0,1,0,0,0,2,0,0,0,0,0,0,0,0,0,1,2,6,7,0,0,47875141.907229856,72018257.4732092,526900000.0,1811.5148625592913,0.005761214996436078
87,0,1,0,0,0,0,1,0,1,1,0,1,0,0,0,0,0,0,0,0,0,0,0,0,0,2,2,2,1,0,0,385067541.126986,48597824.64487754,388400000.0,0.0,0.2617755464620388
88,1,0,1,0,0,0,0,0,0,1,0,0,0,0,0,3,0,0,0,2,0,0,7,0,0,1,6,7,8,0,0,17930873.092939965,162884324.1482966,290400000.0,832.076522530668,0.001800708156928579
89,1,0,1,0,0,0,1,1,0,1,0,0,0,0,0,2,0,0,0,0,0,0,0,0,0,5,2,4,0,0,0,668663723.6360161,32008148.391127184,351800000.0,31294.409160359508,0.07446524624885843
90,0,0,0,0,0,0,1,0,1,0,0,0,0,0,0,2,0,1,0,0,0,0,0,0,0,0,2,1,6,0,0,2248140801.9919834,87060808.78280143,61400000.0,16224.382447282707,0.18287963755749437
91,1,0,0,0,0,0,0,0,0,0,0,0,0,0,0,0,0,0,0,0,0,0,0,0,0,1,3,2,1,0,0,967064731.4094626,48487084.19250012,84600000.0,0.0,0.7233570074959073
92,0,1,0,0,0,0,0,0,0,0,0,0,0,0,0,1,0,0,0,0,0,0,0,0,0,2,2,3,6,0,0,236382709.92028245,65116913.67789591,84600000.0,3215.04154060932,0.06258247178229531
93,1,1,0,0,0,0,1,1,1,0,1,0,0,0,0,2,0,0,0,0,0,0,0,0,0,3,5,1,7,0,0,21720422.985245943,73159689.66806819,382500000.0,821.7105269511276,0.0026154422494501003
94,0,0,0,0,0,0,0,1,0,0,0,0,0,0,0,0,3,0,0,0,0,0,5,0,0,3,2,2,6,0,0,122215969.8706422,136600055.97198772,30700000.0,0.0,0.0961854178631129
95,1,0,1,0,0,0,1,1,1,0,0,1,0,0,0,3,0,0,0,1,0,0,0,1,0,0,4,1,7,0,0,10942545.030509222,119663167.61619458,382500000.0,514.088561456879,0.0010194782811743864
96,0,0,0,0,0,0,0,1,1,0,0,0,0,0,0,1,4,0,0,0,0,0,0,0,0,2,2,6,9,0,0,47720530.39239161,130532782.66936147,61400000.0,1088.609931936756,0.013746290900554663
97,0,1,0,0,0,0,1,1,0,0,0,1,0,0,0,0,1,0,0,0,0,0,0,0,1,2,3,4,7,0,0,56492165.76068917,125029582.67150217,267200000.0,0.0,0.03989748882939878
98,1,1,1,0,0,0,1,0,1,1,1,1,0,0,0,3,0,0,0,5,0,0,0,0,0,3,2,1,7,0,0,0.0,127643817.25017667,678800000.0,0.0,0.0
99,1,0,0,1,0,0,1,1,1,0,1,1,0,0,0,0,0,0,0,0,0,0,0,0,0,0,5,2,3,0,0,117316502.51441558,50093683.85251339,636900000.0,0.0,0.09010635711074813
100,1,1,1,0,0,0,1,1,0,0,0,0,0,0,0,3,0,0,0,0,0,0,0,0,0,2,5,0,7,0,0,71433362.416925,63363748.67195451,315200000.0,3520.7927704066474,0.006845792295834326
101,0,0,0,0,0,0,0,1,0,0,0,0,0,0,0,0,3,0,0,0,0,0,0,0,0,5,2,3,1,0,0,835426483.9321859,97765805.84357134,30700000.0,0.0,0.6363044088167463
102,0,1,0,0,0,0,1,0,1,0,0,0,0,0,0,0,0,0,0,0,0,0,0,0,0,2,5,0,0,0,0,1125565409.0088198,19170235.12681486,146000000.0,0.0,0.8105993511073779
103,1,0,1,0,0,0,1,0,0,0,0,0,0,0,0,0,0,0,0,0,0,0,0,0,0,2,5,2,7,0,0,91668893.08054984,72640016.30269375,199900000.0,0.0,0.07635230459402186
104,0,1,1,0,0,0,0,0,0,0,0,0,0,0,0,1,0,0,0,0,0,0,0,0,0,1,5,4,7,0,0,120572848.12146133,73822015.24360868,169200000.0,2658.98036025644,0.040192566905124946
105,0,1,0,0,0,0,0,0,0,0,0,0,0,0,0,0,0,0,0,0,0,0,1,0,0,1,3,3,3,0,0,568576402.747186,75383314.51149517,84600000.0,0.0,0.41518812082715145
106,0,1,0,0,0,0,1,0,0,0,0,0,0,0,0,0,0,0,0,0,0,0,0,0,0,5,4,4,7,0,0,182959624.2434914,79849678.49226046,115300000.0,0.0,0.11720566195578917
107,0,1,1,0,0,0,1,0,1,0,0,1,0,0,0,0,0,0,0,0,0,0,0,0,0,3,1,1,0,0,0,668663723.6360161,22674612.19534176,351800000.0,0.0,0.4964349749923896
108,0,0,0,0,0,0,1,0,1,0,0,0,0,0,0,0,3,0,0,0,0,0,0,0,0,5,2,1,7,0,0,79039092.35786355,114224011.95381856,61400000.0,0.0,0.061777374001196844
109,1,0,1,0,0,0,0,0,0,0,0,0,0,0,0,0,0,0,0,0,0,0,0,0,0,1,2,2,0,0,0,1107596126.0509973,22013110.966710176,169200000.0,0.0,0.8413488534840486
110,1,0,0,0,0,0,1,1,1,0,0,1,0,0,0,0,0,0,0,0,0,0,0,0,0,1,3,2,0,5,0,362996115.6842291,60126545.94662089,297900000.0,0.0,0.22334600417472528
111,0,0,0,0,0,0,0,0,0,0,0,0,0,0,0,3,3,0,0,1,0,0,0,0,0,1,6,1,8,3,0,91643616.96468097,196046250.04744363,0.0,3727.0150866774384,0.011958968671979051
112,0,0,0,0,0,0,1,0,1,0,0,0,0,0,0,2,3,0,0,0,0,0,0,0,0,1,2,1,6,0,0,121078606.67336297,103459757.39094757,61400000.0,4764.465892473523,0.01422049114841956
113,1,1,0,0,0,0,1,1,1,0,1,1,0,0,0,0,0,0,0,0,0,0,0,3,0,2,5,0,5,0,0,37881592.10907868,80044943.41847074,503700000.0,0.0,0.02981857444090351
114,0,1,0,0,0,0,0,0,0,0,0,0,0,0,0,2,0,0,0,0,0,0,0,0,0,2,2,2,3,0,0,581161710.1219097,53912136.60108379,84600000.0,20891.62144460902,0.06550563532850565
115,1,1,0,0,0,0,0,0,0,0,0,0,0,0,0,0,0,0,0,0,0,0,0,0,0,3,2,6,7,0,0,120572848.12146133,75645590.18967476,169200000.0,0.0,0.11164601918090264
116,0,1,0,0,0,0,0,1,1,0,0,1,0,0,0,2,0,0,0,0,0,0,0,0,0,0,1,2,3,0,0,263160660.00491732,44254950.026298694,267200000.0,7426.682481636402,0.02636264171244391
117,0,1,1,0,0,0,1,0,0,0,0,0,0,0,0,0,0,0,0,0,0,0,0,0,0,3,0,0,0,0,0,1069825537.3503791,8453407.696608048,199900000.0,0.0,0.7996567141612777
118,0,0,0,0,0,0,0,0,1,0,0,0,0,0,0,1,1,0,0,0,0,0,0,0,0,0,2,3,0,0,0,1945327690.5643635,49067979.95775396,30700000.0,20720.66790621516,0.4249643656847927
119,1,0,0,0,0,0,1,1,1,0,1,1,0,0,0,3,0,0,0,0,0,0,0,0,0,3,5,3,0,0,0,621284616.5420493,31756465.62997268,419100000.0,32261.606454965004,0.050797247346358446
120,1,1,1,0,0,0,0,0,1,1,1,1,0,0,0,3,0,0,0,0,0,0,0,0,0,1,0,0,0,0,3,172744453.7846298,36672326.35204622,648100000.0,10669.842562824444,0.01611170059976968
121,1,1,1,0,0,0,1,1,0,1,0,0,0,0,0,0,0,0,0,3,0,0,0,0,0,5,2,7,9,0,0,0.0,138742156.78364587,436400000.0,0.0,0.0
122,0,0,0,0,0,0,0,0,0,0,0,0,0,0,0,3,0,3,0,0,0,0,0,0,0,0,5,0,6,0,0,1429552028.0094965,93633949.72435476,0.0,15818.748195882381,0.08900156295956278
123,0,1,0,1,0,0,0,0,1,1,0,1,0,0,0,2,0,0,0,0,0,0,0,0,0,0,1,2,3,0,0,139502568.28440186,44254950.026298694,575500000.0,5986.355866597544,0.016175961674008157
124,0,0,0,0,0,0,1,0,1,0,0,0,0,0,0,0,6,0,0,0,0,0,0,0,0,0,2,3,9,0,0,48854268.95792455,130204394.42356892,61400000.0,0.0,0.038658712973631645
125,1,1,0,0,0,0,1,1,0,1,1,1,0,0,0,3,0,0,0,0,0,0,0,0,0,1,5,4,2,0,0,97486104.92651632,57206731.666124284,594200000.0,5342.358502354401,0.008921163110680135
126,0,0,0,0,0,0,0,0,0,0,0,0,0,0,0,1,1,0,0,0,0,0,0,0,0,0,6,4,0,0,0,1945327690.5643635,57142059.39607241,0.0,20720.66790621516,0.4249643656847927
127,0,0,1,0,0,0,1,0,0,0,0,0,0,0,0,1,0,0,0,0,0,0,0,0,0,3,2,0,7,0,0,182959624.2434914,60756608.22453916,115300000.0,2079.4407266678054,0.042194038304084094
128,0,0,0,0,0,0,0,0,1,0,0,0,0,0,0,3,4,0,0,0,3,0,0,0,0,1,2,1,9,0,0,39779559.21294665,169699229.59428364,30700000.0,1625.5326647312856,0.004898009980861611
129,0,0,0,0,0,0,0,0,1,0,0,0,0,0,0,1,1,0,0,0,0,0,0,0,0,0,1,5,5,0,0,1478937251.1970448,87139378.3297931,30700000.0,6529.803592082426,0.3068472684539143
130,1,1,0,0,0,0,1,1,1,1,1,1,0,0,0,3,0,0,0,0,0,0,0,0,0,0,6,0,0,0,0,239509514.74571592,12586457.998778107,624900000.0,14324.753195088233,0.020843667011719722
131,0,0,0,0,0,0,0,0,0,0,0,0,0,0,0,1,1,0,0,0,0,0,0,0,1,3,0,1,6,0,0,1478937251.1970448,108712424.17074323,0.0,6529.803592082426,0.3068472684539143
132,1,1,0,0,0,0,0,0,0,0,0,1,0,0,0,0,0,0,0,0,0,0,0,0,0,0,2,1,0,7,0,356672250.1854489,58285748.85005514,290400000.0,0.0,0.2624001404337729
133,1,1,1,0,1,0,1,1,1,1,0,1,0,0,0,3,0,0,0,3,0,0,0,0,0,3,2,1,7,0,0,0.0,116076413.88253748,806100000.0,0.0,0.0
134,1,1,0,0,1,0,0,0,0,1,0,0,0,0,0,3,0,0,0,0,0,0,0,0,0,3,0,1,7,0,0,119912625.82326469,59638076.61067626,508200000.0,5465.649614035205,0.013252794230265704
135,0,0,1,0,0,0,1,1,0,0,1,0,0,0,0,1,0,0,0,0,0,0,0,0,0,0,2,1,0,0,0,754561751.1621481,14092235.304915495,267200000.0,18705.21791567444,0.19241719893429132
136,0,1,1,0,0,0,1,1,1,0,0,1,0,0,0,0,0,0,0,0,7,0,0,0,0,0,7,0,8,0,0,9371582.322350902,136040803.74963972,382500000.0,0.0,0.006239748153151945
137,0,0,0,0,0,0,0,0,0,0,0,0,0,0,0,3,4,1,0,0,0,0,0,3,0,2,3,6,8,0,0,108747843.40178978,189169814.32589975,0.0,5003.323356425721,0.010997226642327343
138,1,1,1,0,1,0,1,1,1,1,0,0,0,0,0,0,0,0,0,0,0,0,0,0,0,3,2,0,8,0,0,21720422.985245943,65026796.376591325,684900000.0,0.0,0.017436281663000666
139,0,0,0,0,0,0,0,0,1,0,0,0,0,0,0,2,7,0,0,0,0,0,0,0,0,2,1,6,8,0,0,69696772.8283812,144616259.9023101,30700000.0,2608.4927578923694,0.008831796760535787
140,0,0,0,0,0,0,0,0,0,0,0,0,0,0,0,2,1,0,0,0,0,0,0,0,0,1,2,2,0,0,0,1945327690.5643635,54708012.06087211,0.0,34399.54632867752,0.17706848570199699
141,0,0,1,1,0,0,0,0,1,1,0,0,0,0,0,1,0,0,0,0,0,0,0,0,0,1,0,0,0,0,0,688565299.7281669,6320800.309666242,454300000.0,19301.88301450447,0.184400347303195
142,0,1,0,0,0,0,1,1,1,1,1,1,0,0,0,3,0,0,0,0,0,0,0,0,0,0,5,4,0,0,0,327404323.45696807,22537573.22754236,540300000.0,14137.09692913838,0.025648861797015587
143,1,0,0,0,0,0,1,1,1,0,0,0,0,0,0,1,0,0,0,0,0,0,0,0,0,2,7,1,0,0,0,1110779668.26969,31137740.08217949,176700000.0,28828.846459259126,0.28762346969599084
144,0,1,0,1,0,0,1,1,1,1,0,1,0,0,0,3,0,0,0,0,0,0,0,0,0,4,1,1,7,0,0,21605081.21055894,68595864.13200806,636900000.0,1017.0471404721968,0.002070141225201228
145,0,0,0,0,0,0,0,0,1,0,0,0,0,0,0,2,0,1,0,0,0,0,0,0,0,2,0,0,1,0,0,2326395838.833339,65064195.39985744,30700000.0,20315.570354604377,0.1920843130887688
146,0,0,0,0,0,0,1,0,0,0,0,1,0,0,0,2,7,0,0,1,0,0,0,0,0,2,5,0,7,0,0,22297131.858680993,169747873.57977054,151900000.0,837.0336664351396,0.0027542708391929283
147,0,0,0,0,0,0,0,0,0,0,0,0,0,0,0,1,3,0,0,4,0,0,5,0,0,3,2,0,9,0,3,7605729.940938549,235194295.2814042,0.0,55.876010741014284,0.0017024777529278854
148,1,0,1,0,0,0,1,0,0,1,1,1,0,0,0,3,0,0,0,0,0,0,0,0,0,4,4,4,0,0,0,250084651.9911057,33470177.152405865,563500000.0,14815.661253516744,0.02188927178695973
149,1,0,1,0,0,0,1,0,0,1,0,0,0,0,0,3,0,0,0,0,0,0,0,0,0,6,4,0,5,0,0,97450822.58063978,61123834.14220497,321100000.0,4893.216896867143,0.009269144710805154
150,0,0,0,0,0,0,0,0,1,0,0,0,0,0,0,3,0,0,0,0,0,0,0,0,0,1,3,0,0,0,0,3489817492.1373897,15063068.18035096,30700000.0,33533.787939120724,0.23434628450204362
151,0,1,0,0,0,0,0,0,1,0,0,0,0,0,0,0,0,0,0,0,0,0,0,0,0,1,0,0,1,0,0,921656928.1463668,31358014.39583997,115300000.0,0.0,0.6734869395641753
152,1,0,0,0,0,0,0,1,1,0,0,0,0,0,0,1,0,0,0,0,0,0,0,0,0,0,0,0,0,0,0,1125565409.0088198,0.0,146000000.0,29165.724021221755,0.29181576639865603
153,0,1,0,0,0,0,1,0,0,0,1,1,0,0,0,0,0,0,0,0,0,0,0,0,0,0,0,1,0,0,0,644044969.7526653,6320800.309666242,357700000.0,0.0,0.44132748826143586
154,1,1,0,0,0,0,0,0,0,0,1,0,0,0,0,3,0,0,0,0,0,0,0,0,0,1,3,0,5,0,0,140288806.434058,51739744.020645455,290400000.0,6589.078958941087,0.015140635332190662
155,1,1,0,0,0,0,1,1,1,0,1,0,0,0,0,2,0,0,0,0,0,0,0,0,0,1,7,0,0,0,0,659912472.9346236,21069784.935395602,382500000.0,30974.779735418197,0.07342879381228298
156,1,1,0,0,0,0,0,1,0,0,0,0,0,0,0,4,0,0,0,0,0,0,0,0,0,0,3,0,6,3,0,88762484.25146368,85857879.47981896,199900000.0,4831.196238408329,0.008607074543479474
157,1,0,0,1,0,0,0,0,1,1,0,0,0,0,0,1,0,0,0,0,0,0,0,0,0,0,0,0,0,0,0,691330985.1677455,0.0,454300000.0,19379.713904493303,0.18485853127988122
158,0,0,0,0,0,0,0,0,0,0,0,0,0,0,0,3,3,0,0,0,0,0,0,0,4,1,2,7,9,0,0,120853132.00165994,151486488.98539764,0.0,5358.979446880656,0.012764867056327124
159,0,0,0,0,1,0,0,0,1,1,1,1,0,1,0,0,0,0,0,0,0,0,0,0,0,0,3,0,3,0,0,236799677.87815648,38804933.73898803,868200000.0,0.0,0.1345820818521514
160,0,1,0,0,0,0,0,0,0,0,0,0,0,0,0,3,3,0,0,4,0,0,6,0,0,3,2,0,9,0,0,0.0,196725974.36958033,84600000.0,0.0,0.0
161,0,0,0,0,0,0,0,0,0,0,0,0,0,0,0,3,1,0,0,0,0,0,0,0,0,2,1,0,1,0,0,1605670328.001372,71824350.48525116,0.0,21091.768903020034,0.11332803345550077
162,0,0,0,0,0,0,0,0,0,0,0,0,0,0,0,1,0,3,0,0,0,0,0,0,0,0,5,1,7,0,0,1414075438.826091,105030896.9806686,0.0,7229.506338502661,0.2622763142740788
163,1,1,0,0,0,0,1,1,0,0,0,0,0,0,0,3,0,0,0,0,0,0,0,0,0,0,0,6,1,0,0,814245156.4545206,37623672.08495183,230600000.0,45876.78033639857,0.07408722666858036
164,0,0,0,0,0,0,0,0,0,0,0,0,0,0,0,0,0,3,0,0,0,0,0,0,0,2,2,0,7,0,0,1414075438.826091,101658827.8322443,0.0,0.0,0.7285453174279967
165,1,0,0,0,0,0,0,0,0,0,0,0,0,0,0,3,0,0,0,0,0,0,0,0,0,1,2,0,1,0,0,967064731.4094626,38940638.07009244,84600000.0,48444.704482579524,0.08680284089950885
166,1,0,0,0,0,0,0,0,0,0,0,0,0,0,0,1,0,0,0,0,0,0,0,0,0,2,0,0,0,0,0,1209069514.7685945,7332080.219521779,84600000.0,30971.495956264196,0.3209178303754857
167,1,0,0,0,0,0,0,0,0,0,1,0,0,0,0,3,0,0,0,0,0,0,0,0,0,1,2,2,0,0,0,844500077.0479733,22013110.966710176,205800000.0,42644.34870896435,0.07439714212915308
168,0,0,0,0,0,0,0,0,0,0,0,0,0,0,0,2,4,0,0,1,0,0,0,0,3,1,2,7,6,0,0,121281697.38802868,180242375.82013658,0.0,4712.631720706679,0.01734640930265146
169,1,1,0,0,0,0,1,1,0,1,0,0,0,1,0,3,0,0,0,3,0,0,0,0,0,2,2,7,8,0,0,0.0,127793404.10906368,607900000.0,0.0,0.0
170,0,0,0,0,0,0,0,0,0,0,0,0,0,0,0,0,7,0,0,4,0,0,5,0,4,2,5,7,9,0,0,0.0,271857032.5295227,0.0,0.0,0.0
171,0,0,0,0,0,0,0,0,0,0,0,0,0,0,0,0,7,0,0,4,0,0,0,0,4,2,2,0,7,0,0,62959816.602278024,207268278.27643728,0.0,0.0,0.085416315047001
172,0,0,0,0,0,0,0,0,0,0,0,0,0,0,0,3,0,1,0,0,0,0,0,0,0,2,5,0,0,0,0,2536127189.8826256,51865136.2209768,0.0,39668.84768408609,0.1725519538750796
173,0,0,0,0,0,0,1,0,0,0,0,0,0,0,0,2,1,0,0,0,0,0,0,0,0,0,5,3,4,0,0,1478937251.1970448,87140634.78666313,30700000.0,10840.494244668093,0.12785302852246433
174,1,0,1,0,0,0,0,0,1,1,0,0,0,0,0,3,0,0,0,0,0,0,0,0,0,2,0,3,0,0,0,688565299.7281669,16373078.863592021,321100000.0,39810.133717415476,0.061466782434398334
175,1,1,0,0,0,0,0,0,0,0,0,0,0,0,0,3,0,0,0,0,0,0,0,0,0,0,0,2,0,0,0,1107596126.0509973,7332080.219521779,169200000.0,63447.16641968039,0.10096186241808583
176,1,0,0,0,0,0,1,0,0,0,0,0,0,0,0,0,0,0,0,0,0,0,0,0,0,2,3,0,0,0,0,1163661711.5054984,16373078.863592021,115300000.0,0.0,0.8415683497779508
177,0,0,0,0,0,0,0,1,1,1,0,0,0,0,0,1,0,0,0,0,0,0,0,0,0,0,0,0,0,0,0,3489817492.1373897,0.0,182600000.0,16258.806273513073,0.7030388535061307
178,0,0,0,0,0,0,0,0,0,0,0,0,0,0,0,1,0,0,0,0,0,0,0,0,0,1,1,0,0,0,0,3489817492.1373897,12857587.774250694,0.0,16258.806273513073,0.7030388535061307
179,0,1,0,0,0,0,1,1,1,1,0,0,0,0,0,3,0,0,0,0,0,0,0,0,0,2,1,1,0,0,0,743305795.6701622,21083390.673844058,297900000.0,38048.45040159781,0.06307355478002862
180,0,0,0,0,0,0,1,0,1,0,0,0,0,0,0,1,1,0,0,0,0,0,0,0,0,0,2,3,3,0,0,1491278141.1892014,79419506.00013393,61400000.0,6873.212133868352,0.310181926025523
181,1,0,1,0,0,0,0,0,0,0,0,0,0,0,0,1,0,0,0,0,0,0,0,0,0,0,1,3,0,0,0,1107596126.0509973,15063068.18035096,169200000.0,30762.262506511703,0.3028855872542575
182,1,1,0,1,0,0,1,1,0,1,1,0,0,0,0,0,0,0,0,0,0,0,0,0,0,1,2,3,5,0,0,50030781.26094735,59930037.1278019,690800000.0,0.0,0.03955630774880744
183,1,0,1,0,0,0,0,0,1,1,0,0,0,0,0,1,0,0,0,0,0,0,0,0,0,5,0,2,0,0,0,688565299.7281669,19742157.81013341,321100000.0,19301.88301450447,0.184400347303195
184,1,0,0,0,0,0,1,0,0,0,0,0,0,0,0,0,0,0,0,0,0,0,0,0,0,1,3,3,4,0,0,385605704.77668124,58109617.398991585,115300000.0,0.0,0.27292860832193533
185,1,0,0,0,0,0,1,0,0,0,0,0,0,0,0,2,0,0,0,0,0,0,0,0,0,1,0,0,0,0,0,1163661711.5054984,6320800.309666242,115300000.0,49853.202183061345,0.12623525246669265
186,1,0,0,1,0,0,0,0,0,0,0,0,0,0,0,1,0,0,0,0,0,0,0,0,0,0,0,0,0,0,0,1107596126.0509973,0.0,302400000.0,30762.262506511703,0.3028855872542575
187,1,1,0,1,0,0,1,1,0,1,1,0,0,1,0,0,0,0,0,0,0,0,0,0,0,1,2,4,6,0,0,33801884.662979096,64900519.63500275,946900000.0,0.0,0.02702922775533563
188,0,0,0,0,0,0,0,0,0,0,0,0,0,0,0,3,0,0,0,0,1,0,0,0,0,1,0,1,0,0,0,3489817492.1373897,51102709.72601475,0.0,33533.787939120724,0.23434628450204362
189,1,0,0,0,0,0,1,0,0,0,0,0,0,0,0,3,0,0,0,0,0,0,0,0,0,2,2,0,4,0,0,385605704.77668124,48550925.18992546,115300000.0,15531.20420320734,0.032751432998632236
190,1,0,0,0,0,0,1,0,0,0,0,0,0,0,0,3,0,0,0,0,0,0,0,0,0,1,3,0,5,0,0,289950002.8851125,51739744.020645455,115300000.0,10183.817781492413,0.02398540728072894
191,1,0,0,0,0,0,0,0,0,0,0,0,0,0,0,0,0,0,0,0,0,0,0,0,0,1,2,3,0,0,5,837412501.8902029,59930037.1278019,84600000.0,0.0,0.6525180914849682
192,1,0,0,0,0,0,0,0,0,0,0,0,0,0,0,3,0,0,0,0,0,0,0,0,0,3,3,1,5,0,0,237470069.04098824,62212626.04837187,84600000.0,6691.105162658082,0.02096129268426475
193,0,0,0,0,0,0,0,1,0,0,0,0,0,0,0,0,3,1,0,0,0,0,0,0,0,1,5,0,8,0,0,72606122.85224016,144685380.93440837,30700000.0,0.0,0.06045501335998662
194,1,1,0,0,1,0,1,0,1,0,1,0,0,0,0,0,0,0,0,0,0,0,0,0,0,0,3,7,3,0,0,195861971.44270012,54579110.82690221,569600000.0,0.0,0.15125413219180703
195,1,1,0,1,0,0,0,1,1,0,1,0,0,0,0,1,0,0,0,0,0,0,0,0,0,1,2,1,5,0,0,95197080.53369838,57571255.193141766,569600000.0,2402.2061067256363,0.026955867418050318
196,0,0,0,0,0,0,0,0,0,0,0,0,0,0,0,0,3,0,0,0,0,0,0,0,6,1,2,4,6,0,0,154950429.23601475,138590823.00809065,0.0,0.0,0.13233582402067273
197,1,0,0,0,0,0,0,0,0,0,0,0,0,0,0,1,0,0,0,0,0,0,0,0,0,1,0,0,1,0,0,967064731.4094626,31358014.39583997,84600000.0,23488.341567311287,0.26040852269852655
198,1,0,0,0,0,0,0,0,1,0,0,0,0,0,0,1,0,0,0,0,0,0,0,0,0,2,3,1,4,0,0,385605704.77668124,57227301.51568733,115300000.0,7530.280825797498,0.0982542989958967
199,1,0,1,0,0,0,0,1,1,0,0,0,0,0,0,0,0,0,0,0,0,0,0,0,0,0,3,0,3,0,0,427645751.20110255,38804933.73898803,230600000.0,0.0,0.33026621201576484
200,1,1,1,0,1,0,1,1,1,0,1,1,0,0,0,0,0,0,0,0,0,0,0,3,0,1,4,0,7,0,0,21605081.21055894,84738834.78946571,806100000.0,0.0,0.017251176876676905
201,0,0,0,0,0,1,0,1,0,1,0,1,0,0,0,0,0,0,0,0,0,0,0,0,0,0,2,0,3,0,0,261824373.14533117,37683606.26190176,490900000.0,0.0,0.1538877786936862
202,0,1,0,0,0,0,1,1,0,0,0,0,0,0,0,2,0,0,0,0,0,0,0,0,0,0,5,0,7,0,0,142363520.2536886,55262285.23139411,146000000.0,1918.8687000649368,0.012619193120630728
203,1,0,0,0,1,0,0,0,1,1,0,0,0,0,0,1,0,0,0,0,0,0,0,0,0,2,1,1,7,0,0,57094766.53025949,65276904.21898371,454300000.0,1301.378524099292,0.016490746561069747
204,1,0,0,0,1,1,1,0,0,0,1,0,0,0,0,3,0,0,0,0,0,0,0,0,0,1,2,0,7,0,0,57094766.53025949,58096937.52905836,672100000.0,2684.0932059547895,0.005496915520356582
205,0,0,0,0,0,0,0,1,0,0,0,0,0,0,0,0,3,1,0,0,4,0,0,0,0,1,5,0,8,0,0,43558138.42121889,198043954.53461924,30700000.0,0.0,0.04307902480845197
206,0,0,0,0,0,0,0,0,0,0,0,0,0,0,0,0,0,0,0,0,0,0,0,0,0,2,0,0,1,0,0,3489817492.1373897,32369294.305695508,0.0,0.0,1.9528857041836967
207,1,0,0,0,0,0,0,1,0,1,1,1,0,0,0,3,0,0,0,0,0,0,0,0,0,0,0,0,0,0,0,338792816.6959054,0.0,478900000.0,14672.146034624417,0.026742434754561728
208,1,1,0,0,0,0,1,1,1,1,0,1,0,0,0,1,0,0,0,0,0,0,0,0,0,0,1,0,7,1,0,21605081.21055894,82190440.08881623,503700000.0,493.1137650774288,0.0062104236756036855
209,1,0,1,0,0,0,1,1,0,0,0,1,0,0,0,3,0,0,0,0,0,0,0,0,0,1,5,3,0,0,0,668663723.6360161,28109350.119659707,351800000.0,38878.70126275251,0.059572196999086745
210,1,1,0,0,0,0,0,1,1,0,0,0,0,0,0,0,0,0,0,0,0,0,0,0,0,0,0,6,0,0,0,1056249939.8136524,12586457.998778107,230600000.0,0.0,0.7854749657852784
211,0,0,1,0,0,0,0,1,1,0,0,0,0,0,0,1,0,0,0,0,0,0,0,0,0,0,3,0,3,0,0,497657604.3621352,38804933.73898803,146000000.0,10778.357688063223,0.12811146081158384
212,1,0,0,0,0,0,0,1,0,1,0,0,0,0,0,1,0,0,0,0,0,0,0,0,0,1,0,0,0,0,0,774981666.6235445,6320800.309666242,236500000.0,19171.97711877225,0.19824420430739037
213,0,0,0,0,0,0,0,0,0,0,0,0,0,0,0,4,1,0,0,0,0,0,0,0,0,1,3,0,0,0,0,1945327690.5643635,47757969.274512894,0.0,49859.10714933023,0.14165478856159758
214,0,0,0,0,1,0,0,1,1,0,0,0,0,0,0,1,3,0,0,0,1,0,0,0,0,2,2,0,8,0,0,31915279.29585377,144174137.93606052,279200000.0,697.1504502456224,0.00892229258648368
215,1,0,0,0,0,0,0,1,0,0,0,0,0,0,0,3,0,1,0,0,0,0,0,0,0,1,4,0,7,0,0,140486544.56072986,93235703.43226627,115300000.0,4517.784809052766,0.01180184533399114
216,1,1,0,0,0,0,0,1,1,0,0,0,0,0,0,0,0,0,0,0,0,0,0,0,0,0,2,0,0,0,3,815365749.9940557,37683606.26190176,230600000.0,0.0,0.6334223334733059
217,1,1,1,0,0,0,0,0,0,1,1,1,0,0,0,0,0,0,0,0,0,0,0,0,0,1,0,0,0,7,0,150873513.53410092,50514313.85480589,617400000.0,0.0,0.10930190721024748
218,1,0,0,0,0,0,0,1,1,0,0,0,0,0,0,1,0,0,0,0,0,0,0,0,0,1,0,0,0,0,3,885377603.1550882,36672326.35204622,146000000.0,23036.60191016891,0.23724766453629864
219,1,0,0,0,0,0,0,0,0,0,0,0,0,0,0,3,0,0,0,0,0,0,1,0,0,1,0,0,1,0,0,954479424.0347388,51657302.02316066,84600000.0,48002.05715062025,0.08422090713596252
220,1,1,1,0,0,0,0,1,1,1,0,1,0,0,0,0,0,0,0,1,0,0,0,0,0,0,1,0,7,1,0,9900115.321314111,120435562.04058027,557600000.0,0.0,0.008153971557475843
221,0,1,0,0,0,0,0,0,1,0,1,0,0,0,0,0,0,0,0,0,0,0,0,0,0,0,3,0,0,0,0,774981666.6235445,8453407.696608048,236500000.0,0.0,0.5506783452983066
222,1,0,0,0,0,0,0,1,0,1,0,1,0,0,0,3,0,0,0,0,0,0,0,0,0,1,0,3,0,0,0,644044969.7526653,15063068.18035096,357700000.0,33334.45336259372,0.052959298591372314
223,1,0,0,1,0,0,1,0,0,1,0,0,0,0,0,1,0,0,0,0,0,0,0,0,0,0,3,0,3,0,0,215760964.45837146,38804933.73898803,454300000.0,5585.7986953960535,0.06013462653736799
224,1,0,0,0,0,0,0,0,1,0,0,0,0,0,0,3,0,0,0,5,0,0,0,0,0,1,0,1,6,0,0,136201972.93186888,112541363.08871397,115300000.0,2215.176948381905,0.009596115002224341
225,0,0,1,0,0,0,1,1,1,1,0,0,0,0,0,2,0,0,0,0,0,0,0,0,0,0,2,0,4,0,0,158102578.43486178,40709196.77671887,297900000.0,2735.7376347224526,0.014355340556896655
226,0,0,0,0,0,0,0,0,0,0,0,0,0,0,0,3,3,0,0,0,0,0,0,0,0,5,0,0,4,0,0,357226807.5747475,86737393.89782785,0.0,18288.93587889099,0.03512438334276011
227,0,1,0,0,0,0,0,1,0,1,0,0,0,0,0,2,0,0,0,0,0,0,0,0,0,0,0,0,0,0,0,774981666.6235445,0.0,236500000.0,31828.477638586748,0.082601751794746
228,0,0,0,0,0,0,0,0,1,0,0,0,0,0,0,1,0,3,0,0,0,0,0,0,0,3,0,1,1,0,0,1850786298.5747585,82773282.80608663,30700000.0,20463.73055542609,0.38705934261806274
229,1,0,0,0,0,0,0,0,0,0,0,0,0,0,0,0,1,0,0,0,0,0,0,0,0,1,2,0,0,0,0,1130103036.8550007,46598325.07808065,84600000.0,0.0,0.8539190586292748
230,1,1,0,0,0,0,0,1,0,0,0,0,0,0,0,3,0,0,0,0,0,0,0,0,0,0,0,0,1,0,0,830568939.4943811,25037214.086173728,199900000.0,46581.59376255405,0.07594704512937278
231,0,1,0,0,0,0,0,0,1,0,0,0,0,0,0,1,0,0,0,0,0,0,0,0,0,3,2,0,3,0,0,535753906.8588138,46914620.721779495,115300000.0,11641.856628873724,0.13926030033299008
232,1,0,1,0,0,0,0,1,0,0,0,0,0,0,0,1,0,0,0,0,0,0,0,0,0,0,3,0,0,0,0,1070876775.5117651,8453407.696608048,199900000.0,30018.370565247948,0.2880344257537325
233,1,1,0,0,0,0,0,0,1,0,0,0,0,0,0,2,0,0,0,0,0,0,0,0,0,1,0,0,0,0,0,1069825537.3503791,6320800.309666242,199900000.0,49793.848463682254,0.11994850712419165
234,1,0,1,0,0,0,0,0,0,0,0,0,0,0,0,0,0,0,0,0,0,0,0,0,0,0,3,0,0,0,4,817654891.9654596,41830524.25380514,169200000.0,0.0,0.6568905988739514
235,1,0,0,0,0,0,1,1,0,1,0,0,0,0,0,0,0,0,0,0,0,0,0,0,0,3,1,0,0,0,0,754561751.1621481,15444563.06553661,267200000.0,0.0,0.5344922192619205
236,0,0,0,0,0,0,0,0,0,0,0,0,0,0,0,0,7,0,0,3,0,0,0,0,4,1,2,0,9,0,0,51938461.23787053,209402508.76225924,0.0,0.0,0.07932020514383485
237,1,0,0,0,0,1,0,0,1,1,1,0,0,0,0,0,0,0,0,0,0,0,0,0,0,1,0,0,0,0,0,555949615.5043201,6320800.309666242,575500000.0,0.0,0.40136771253336934
238,1,0,0,0,0,0,0,0,0,0,0,0,0,0,0,3,0,0,0,0,0,0,1,0,0,2,0,0,0,0,0,1196484207.3938706,27631367.846842468,84600000.0,63436.06307783563,0.10439067636161557
239,0,0,0,0,0,0,0,0,1,0,0,0,0,0,0,3,3,0,0,0,0,0,0,0,0,0,5,7,9,0,0,78353740.93070577,123344910.07815881,30700000.0,3407.268121431213,0.007685599544628758
240,0,0,1,0,0,1,0,1,1,0,0,0,0,0,0,3,0,0,0,0,0,0,0,0,0,0,0,0,4,0,0,299408629.9619973,33377116.55719709,363800000.0,16092.57009108693,0.02790897282458264
241,1,0,0,0,0,0,0,0,0,0,0,0,0,0,0,3,0,0,0,0,0,0,0,0,0,1,3,2,4,0,0,431029528.96691024,56826986.66352348,84600000.0,17475.40213529322,0.03873745236337228
242,1,0,0,0,0,0,0,0,0,0,0,1,0,0,0,0,0,0,0,0,0,0,1,0,0,2,1,0,3,0,0,336633276.9726133,64743048.97461616,205800000.0,0.0,0.23382979760893313
243,1,1,0,0,0,0,0,0,0,1,0,1,0,0,0,3,0,0,0,0,0,0,0,0,0,4,0,1,0,0,0,592192786.9105737,16925244.491970196,411600000.0,35036.44259242057,0.05332133659040568
244,0,0,0,0,0,0,0,0,0,0,0,0,0,0,0,3,1,0,0,0,0,0,0,0,0,1,4,0,0,0,0,1945327690.5643635,49042189.88712662,0.0,42736.377556568776,0.14165478856159758
245,0,0,0,0,0,0,0,0,1,0,0,0,0,0,0,0,4,0,0,0,0,0,0,0,0,5,0,0,0,0,0,1069825537.3503791,58916719.6477087,30700000.0,0.0,0.7996567141612777
246,1,0,1,0,0,0,0,0,0,1,1,1,0,0,0,2,0,0,0,0,0,0,0,0,0,7,0,0,1,0,0,180228087.14349493,39298865.86767298,532800000.0,7868.728171524169,0.021006585803101822
247,1,0,1,0,0,0,1,1,0,0,0,0,0,0,0,3,0,0,0,0,0,0,0,0,0,2,0,1,0,0,0,1054419817.2822543,14092235.304915495,230600000.0,61200.26898278255,0.09414309871426492
248,0,0,1,0,0,0,1,1,1,1,1,0,0,0,0,0,3,0,0,0,0,0,0,0,0,0,2,4,9,0,0,21605081.21055894,113106690.7646291,419100000.0,0.0,0.017251176876676905
249,0,1,0,0,0,0,1,0,0,0,0,0,0,1,0,0,0,0,0,0,0,0,0,0,0,1,3,4,7,0,0,181664947.712168,70346433.54129866,371400000.0,0.0,0.11520354901239287
250,1,1,0,0,0,0,1,1,0,1,1,0,0,0,0,3,0,0,0,0,0,0,0,0,0,0,0,2,1,0,0,301211770.139976,32369294.305695508,473000000.0,17246.79384387574,0.027006901599106216
251,0,0,0,0,0,0,0,0,1,0,0,0,0,0,0,1,0,0,0,0,0,0,0,0,0,1,0,0,0,0,0,3489817492.1373897,6320800.309666242,30700000.0,16258.806273513073,0.7030388535061307
252,0,0,0,0,0,0,0,0,1,0,0,0,0,0,0,0,1,0,0,0,0,0,0,0,0,0,1,0,0,0,0,1945327690.5643635,39015701.403828174,30700000.0,0.0,1.1804565713466464
253,0,0,0,0,0,0,0,0,0,0,0,0,0,0,0,0,0,3,0,0,0,0,0,0,0,0,2,0,6,0,0,1429552028.0094965,89897258.25762206,0.0,0.0,0.7416796913296898
254,1,0,0,0,0,0,0,1,1,1,0,0,0,0,0,3,0,0,0,0,0,0,0,0,0,0,0,0,0,0,0,754561751.1621481,0.0,267200000.0,38579.51195107853,0.06413906631143045
255,0,0,0,0,0,0,0,0,1,0,0,0,0,0,0,2,0,1,0,0,0,0,0,0,0,1,7,0,0,0,0,2536127189.8826256,53764686.02955754,30700000.0,31930.417169955657,0.21568994234384947
256,0,0,0,0,0,0,1,0,1,0,0,0,0,0,0,3,0,1,0,0,0,0,0,0,0,2,1,0,0,0,0,2536127189.8826256,46787136.39907743,61400000.0,39668.84768408609,0.1725519538750796
257,0,0,0,0,0,0,0,0,0,0,0,0,0,0,0,1,0,1,0,0,0,0,0,0,0,2,2,1,0,0,0,2536127189.8826256,55098758.85669546,0.0,19233.380695314467,0.5176558616252387
258,1,0,0,0,0,0,0,1,0,0,0,0,0,0,0,0,0,0,0,0,0,0,0,0,0,3,3,0,3,0,0,535753906.8588138,48154871.04257673,115300000.0,0.0,0.38683416759163913
259,1,1,0,0,0,0,1,1,1,0,1,1,0,0,0,0,0,0,0,3,0,0,0,0,0,0,6,3,6,0,0,13051973.392714959,111044378.66992524,503700000.0,0.0,0.010578866591744944
260,1,0,0,0,0,0,0,0,1,0,0,0,0,0,0,1,0,0,0,0,0,0,0,0,0,1,0,0,0,0,0,1163661711.5054984,6320800.309666242,115300000.0,30029.222962032247,0.30296460592006225
261,0,0,0,0,0,0,0,1,1,0,0,0,0,0,0,3,0,0,0,0,0,0,0,0,0,0,7,0,0,0,0,3489817492.1373897,14261651.781499248,61400000.0,33533.787939120724,0.23434628450204362
262,1,0,0,0,0,0,0,0,0,0,0,0,0,0,0,1,0,0,0,3,0,0,0,0,0,6,0,2,7,0,0,136493007.25838488,113592434.25605592,84600000.0,934.7762182879367,0.03388539007073092
263,0,0,0,0,0,0,0,0,0,0,0,0,0,0,0,2,3,0,0,0,0,0,0,0,0,3,6,0,8,0,0,128178578.06239986,113129934.99232697,0.0,4507.085772163741,0.01745626860752202
264,0,0,0,0,0,0,0,0,1,0,0,0,0,0,0,0,0,0,0,0,0,0,0,0,0,1,0,0,0,0,0,3489817492.1373897,6320800.309666242,30700000.0,0.0,1.9528857041836967
265,0,0,0,0,0,0,0,0,0,0,0,0,0,0,0,2,0,0,0,0,0,0,0,0,0,0,1,0,0,0,0,3489817492.1373897,6320800.309666242,0.0,26992.15885251194,0.29293285562755444
266,1,0,0,1,0,0,0,0,0,1,1,1,0,0,0,0,0,0,0,0,0,0,0,0,0,0,0,0,0,0,0,282234856.6417128,0.0,666000000.0,0.0,0.21077084504980867
267,0,1,0,0,0,0,1,0,1,0,0,0,0,0,0,3,0,0,0,0,0,0,0,0,0,2,0,1,0,0,0,1125565409.0088198,14092235.304915495,146000000.0,60154.30579376987,0.09727192213288535
268,1,0,0,1,1,0,0,0,1,1,1,0,0,0,0,0,0,0,0,0,0,0,0,0,0,1,0,0,6,0,0,47875141.907229856,46594472.69339025,793300000.0,0.0,0.03840809997624052
269,1,1,0,0,0,0,0,1,1,0,0,0,0,0,0,2,0,0,0,0,0,0,0,0,0,0,6,0,0,0,0,1055553555.8477874,12586457.998778107,230600000.0,49306.059166400104,0.11775005913031149
270,1,0,0,0,0,0,0,1,0,0,0,0,0,0,0,2,3,0,0,0,0,0,0,0,0,7,0,3,6,0,0,116790872.03717534,107521758.11248745,115300000.0,4658.638420505657,0.014415425197385826
271,1,0,1,0,0,0,0,0,0,1,0,0,0,0,0,3,0,0,0,0,0,0,0,0,0,1,0,2,0,0,0,738858352.2052485,13903423.98391871,290400000.0,41982.538672614355,0.06795846209562684
272,0,0,0,0,0,0,0,0,0,0,0,0,0,0,0,0,3,0,0,0,0,0,0,0,0,2,3,0,0,0,0,1115201855.9919357,58664584.51796831,0.0,0.0,0.8460779583532927
273,1,0,0,0,0,0,0,1,1,1,0,1,0,0,0,2,0,0,0,0,0,0,0,0,0,0,0,0,0,0,0,628278898.4205928,0.0,388400000.0,26233.77458784605,0.06432625232041012
274,0,0,0,0,0,0,0,0,0,0,0,0,0,0,0,0,7,0,0,0,0,0,0,0,0,1,2,0,0,0,0,1107596126.0509973,82042426.93997067,0.0,0.0,0.8413488534840486
275,1,1,0,1,1,0,1,1,0,1,1,1,0,0,0,1,0,0,0,0,0,0,0,0,0,1,3,2,6,0,0,25795803.552329477,63723542.4900504,1029800000.0,588.2886661917613,0.00743772928368398
276,0,0,0,0,0,0,1,1,1,1,0,0,0,0,0,3,0,0,0,0,0,0,0,0,0,2,0,0,0,0,0,3489817492.1373897,7332080.219521779,213300000.0,33533.787939120724,0.23434628450204362
277,1,0,0,1,1,0,0,0,0,0,1,1,0,0,0,0,0,0,0,0,0,0,0,0,0,0,0,0,7,0,0,92278006.33536422,44193513.54513965,762600000.0,0.0,0.0882285850958329
278,0,0,0,0,0,0,0,0,1,0,0,0,0,0,0,2,0,1,0,0,0,0,0,0,0,3,4,0,3,0,0,2255761044.67324,82223258.10051,30700000.0,16604.457005248903,0.18380593132738568
279,1,0,0,0,0,0,0,0,0,0,0,1,0,0,0,0,0,0,0,0,0,0,0,0,0,1,4,2,0,0,0,844500077.0479733,25020674.91684363,205800000.0,0.0,0.619976184409609
280,1,1,1,0,0,0,0,0,1,1,0,1,0,0,0,0,0,0,0,0,0,0,0,0,0,0,1,7,0,0,0,555949615.5043201,21069784.935395602,526900000.0,0.0,0.40136771253336934
281,1,1,0,0,0,0,0,0,0,1,0,0,0,0,0,0,0,0,0,0,0,0,0,0,0,0,1,0,0,0,1,738858352.2052485,31358014.39583997,290400000.0,0.0,0.5663205174635569
282,1,0,0,0,0,1,0,0,1,0,0,0,0,0,0,1,0,0,0,0,0,0,0,0,0,0,0,0,0,0,0,1072573722.8535129,0.0,333100000.0,30068.16954655487,0.2883504430650775
283,0,0,0,0,0,0,0,0,0,0,1,0,0,0,0,3,1,0,0,0,0,0,0,0,0,2,0,0,0,0,0,1542368587.7991264,40026981.31368371,121200000.0,17447.361626462873,0.1076383452525954
284,0,0,1,0,0,0,0,1,0,0,0,0,0,0,0,3,0,0,0,0,0,0,0,0,0,0,0,0,0,0,0,1163661711.5054984,0.0,115300000.0,61935.27235919153,0.10098820197335408
285,1,0,0,0,0,0,0,1,0,0,0,0,0,0,0,1,0,0,0,0,0,0,0,3,0,1,2,0,7,0,0,182160188.43548384,82294969.98041974,115300000.0,2063.4625409564387,0.041713531197668983
286,0,0,0,0,0,0,1,0,1,0,1,0,0,0,0,1,3,0,0,0,0,0,3,0,0,2,4,0,6,0,0,61558720.81481381,124464392.88283245,182600000.0,1356.0981135336322,0.01718753803533045
287,1,0,1,0,0,0,0,0,0,0,1,0,0,0,0,3,0,0,0,0,0,0,0,3,0,1,0,0,0,0,0,731261111.8028666,30518832.761027623,290400000.0,41724.6511066313,0.06603947806128097
288,0,1,0,0,0,0,1,1,0,1,0,0,0,0,0,2,0,0,0,0,0,0,0,0,0,1,3,1,5,0,0,139307587.8301317,58969793.1504506,267200000.0,1810.3922048876657,0.012245823142304275
289,0,0,0,0,0,0,0,0,1,0,0,0,0,0,0,2,3,0,0,0,0,0,0,0,0,1,2,2,6,0,0,124396601.97811389,104578289.00481047,30700000.0,4751.40132896242,0.015124790927772445
290,0,1,0,0,0,0,0,1,1,0,0,0,0,0,0,0,4,0,0,7,0,0,0,0,0,1,5,0,8,0,0,23504980.4852314,187394901.32493135,146000000.0,0.0,0.022112847569913285
291,0,1,0,0,0,0,0,0,0,0,0,0,0,0,0,0,0,0,0,0,0,0,0,0,0,0,0,0,0,0,0,1209069514.7685945,0.0,84600000.0,0.0,0.8914384177096826
292,1,0,0,0,0,0,0,0,0,0,0,0,0,0,0,2,0,0,0,0,0,0,0,0,0,0,0,0,0,0,0,1209069514.7685945,0.0,84600000.0,51417.52258364172,0.1337157626564524
293,0,0,1,1,1,0,1,0,0,1,1,1,0,0,0,3,0,0,0,0,0,0,0,0,0,1,0,1,7,0,0,34072179.81663058,57051101.31939034,914500000.0,1599.4437922898867,0.003295560901132087
294,0,0,0,0,0,0,1,0,0,0,0,0,0,0,0,1,1,1,0,0,0,0,0,0,0,1,6,0,0,0,0,1489898639.3481412,85844363.28156863,30700000.0,27197.29290443636,0.35184531864132595
295,1,0,0,0,0,0,0,0,0,1,1,0,0,0,0,0,0,0,0,0,0,0,0,0,0,3,7,3,0,0,0,698056079.4556137,36056768.06702294,327000000.0,0.0,0.49818414604772143
296,0,0,1,0,0,0,0,1,0,0,0,0,0,0,0,2,0,0,0,0,0,0,0,0,0,1,0,0,1,0,0,921656928.1463668,31358014.39583997,115300000.0,37429.99665452624,0.1010230409346263
