,A.0_ID flood wave shape,A.1_Bmax,A.1_Brate,A.1_pfail,A.2_Bmax,A.2_Brate,A.2_pfail,A.3_Bmax,A.3_Brate,A.3_pfail,A.4_Bmax,A.4_Brate,A.4_pfail,A.5_Bmax,A.5_Brate,A.5_pfail,discount rate 0,discount rate 1,discount rate 2,0_RfR 0,0_RfR 1,0_RfR 2,1_RfR 0,1_RfR 1,1_RfR 2,2_RfR 0,2_RfR 1,2_RfR 2,3_RfR 0,3_RfR 1,3_RfR 2,4_RfR 0,4_RfR 1,4_RfR 2,EWS_DaysToThreat,A.1_DikeIncrease 0,A.1_DikeIncrease 1,A.1_DikeIncrease 2,A.2_DikeIncrease 0,A.2_DikeIncrease 1,A.2_DikeIncrease 2,A.3_DikeIncrease 0,A.3_DikeIncrease 1,A.3_DikeIncrease 2,A.4_DikeIncrease 0,A.4_DikeIncrease 1,A.4_DikeIncrease 2,A.5_DikeIncrease 0,A.5_DikeIncrease 1,A.5_DikeIncrease 2,scenario,Expected Annual Damage,Dike Investment Costs,RfR Investment Costs,Evacuation Costs,Expected Number of Deaths,Total Investment Costs
6,101,54.51357184990678,1.5,0.8147287896368296,349.2910361919663,1.5,0.0728384270623439,329.33165589939466,1.5,0.0252228638310604,173.3555927601433,10.0,0.1666840403643127,45.64463127043574,1.5,0.3531713307959094,2.5,4.5,2.5,0,0,0,0,0,0,0,0,0,0,0,0,0,0,0,0,0,0,0,0,0,0,0,0,0,0,0,0,0,0,0,1006,2704715959.6544714,0,0.0,0.0,4.062774203663868,0.0
7,94,346.96871945044694,1.5,0.4859650307166387,109.59249002892152,1.0,0.5401849940535631,322.7634071932701,1.5,0.0088444163032183,76.45044207309,1.5,0.3080240784967734,216.32607748093483,1.5,0.655685684873048,2.5,3.5,1.5,0,0,0,0,0,0,0,0,0,0,0,0,0,0,0,0,0,0,0,0,0,0,0,0,0,0,0,0,0,0,0,1007,2416026454.440889,0,0.0,0.0,3.5908059607365823,0.0
20,2,313.49649162721767,1.5,0.9617038345279488,298.5397725313447,10.0,0.3773729793828347,140.99370965084125,1.0,0.1832636830719547,280.3221320539897,10.0,0.1938043732677371,171.3483786005207,1.5,0.6572390142522273,1.5,1.5,4.5,0,0,0,0,0,0,0,0,0,0,0,0,0,0,0,0,0,0,0,0,0,0,0,0,0,0,0,0,0,0,0,1020,1894429071.1999905,0,0.0,0.0,2.761909785315852,0.0
22,19,343.7490962928834,1.0,0.1464029224107495,181.81200626922052,1.0,0.3068668781026944,151.13924158305758,1.5,0.0232917281740531,235.72727007543276,1.5,0.6154515877698203,235.65524518002215,10.0,0.1491627296940619,3.5,3.5,2.5,0,0,0,0,0,0,0,0,0,0,0,0,0,0,0,0,0,0,0,0,0,0,0,0,0,0,0,0,0,0,0,1022,2926311836.3164625,0,0.0,0.0,2.485065400605945,0.0
24,73,217.900668412846,1.0,0.1034933127007101,144.28097785927554,1.0,0.9472783731322544,199.8465443988654,1.5,0.1506185109598058,84.49797755096839,1.0,0.6364328643154906,269.4104035496069,1.0,0.833827024659488,4.5,3.5,2.5,0,0,0,0,0,0,0,0,0,0,0,0,0,0,0,0,0,0,0,0,0,0,0,0,0,0,0,0,0,0,0,1024,2612445050.588998,0,0.0,0.0,2.2036491479555904,0.0
25,69,306.5850342746163,1.0,0.91586143769876,145.3282446811413,1.0,0.2531709541823683,126.00676236388294,10.0,0.0136343469452716,254.27405718137172,10.0,0.3746289088073714,257.68623869977625,1.5,0.4197186249233094,1.5,3.5,4.5,0,0,0,0,0,0,0,0,0,0,0,0,0,0,0,0,0,0,0,0,0,0,0,0,0,0,0,0,0,0,0,1025,2246445239.7234635,0,0.0,0.0,3.773590480920581,0.0
35,69,65.0661728793297,1.0,0.5530282528320613,204.1263077589298,10.0,0.4351898564867238,121.2161813520151,10.0,0.1086320318112188,237.61348716104783,10.0,0.0153089777421195,278.72934247215403,10.0,0.8168500509415076,2.5,2.5,1.5,0,0,0,0,0,0,0,0,0,0,0,0,0,0,0,0,0,0,0,0,0,0,0,0,0,0,0,0,0,0,0,1035,2827039972.2671747,0,0.0,0.0,3.814290564248008,0.0
40,129,136.68439819969063,10.0,0.3479820517696539,266.90746656220006,1.0,0.1719430434830585,219.0705216777543,10.0,0.176631006627761,212.63032971824765,1.5,0.2698564285382372,276.4524006996898,1.0,0.8089138241039954,1.5,4.5,1.5,0,0,0,0,0,0,0,0,0,0,0,0,0,0,0,0,0,0,0,0,0,0,0,0,0,0,0,0,0,0,0,1040,3951762300.067924,0,0.0,0.0,3.62107283780992,0.0
44,26,287.3631937386557,1.0,0.5582723631583655,98.70335309456256,10.0,0.1041068967261074,96.15541951804391,1.0,0.0079488799689801,275.8464487291045,1.5,0.0279327749234425,59.87419789317592,1.5,0.0730885856544586,3.5,1.5,1.5,0,0,0,0,0,0,0,0,0,0,0,0,0,0,0,0,0,0,0,0,0,0,0,0,0,0,0,0,0,0,0,1044,3445283646.721339,0,0.0,0.0,4.105395335535302,0.0
49,38,275.896269357139,10.0,0.6533274418965292,77.95781667737513,1.5,0.502305448136988,173.0146548595114,10.0,0.1055825640513854,79.98281058255884,1.5,0.2179621457415149,60.57104643408614,1.0,0.0857295170168088,3.5,1.5,1.5,0,0,0,0,0,0,0,0,0,0,0,0,0,0,0,0,0,0,0,0,0,0,0,0,0,0,0,0,0,0,0,1049,2543234247.7863493,0,0.0,0.0,3.567962763437174,0.0
54,71,188.69505656970668,1.0,0.8472650014258319,182.6736969174808,10.0,0.1829065125335192,98.40424732403564,1.0,0.214549524480882,290.5903773802017,1.5,0.2021349222650496,51.56179725861578,10.0,0.2616573980301802,2.5,1.5,3.5,0,0,0,0,0,0,0,0,0,0,0,0,0,0,0,0,0,0,0,0,0,0,0,0,0,0,0,0,0,0,0,1054,2065096720.126074,0,0.0,0.0,2.9272926300576763,0.0
62,56,71.3704710495063,1.0,0.8450926020072866,205.4988177667592,1.5,0.8627059861416528,128.57852415313243,10.0,0.1045774723821932,195.9850099666434,10.0,0.2490137192534822,217.02792631297515,1.0,0.409643455521137,2.5,3.5,1.5,0,0,0,0,0,0,0,0,0,0,0,0,0,0,0,0,0,0,0,0,0,0,0,0,0,0,0,0,0,0,0,1062,2268776137.440292,0,0.0,0.0,3.572314009449105,0.0
69,24,184.223714717528,10.0,0.1769089962246509,319.0355092534596,1.5,0.0709618907480521,122.07942035565742,1.0,0.1802733275237118,268.4342876827045,10.0,0.3528948120280937,147.0607084614594,1.0,0.9768064174455288,4.5,2.5,4.5,0,0,0,0,0,0,0,0,0,0,0,0,0,0,0,0,0,0,0,0,0,0,0,0,0,0,0,0,0,0,0,1069,2507360957.3493423,0,0.0,0.0,2.1867031964920915,0.0
70,19,168.53521550473798,1.0,0.1840126335225916,167.29730811689348,1.0,0.4180045093792029,67.40093821883687,1.5,0.0117804603775756,222.44819677184245,1.0,0.6791742737576506,107.25944143096524,1.0,0.6730750028072982,2.5,4.5,3.5,0,0,0,0,0,0,0,0,0,0,0,0,0,0,0,0,0,0,0,0,0,0,0,0,0,0,0,0,0,0,0,1070,4120838549.587098,0,0.0,0.0,5.085716297101741,0.0
81,103,60.65677295643996,1.5,0.8822664188261503,35.79631944031641,10.0,0.6952933769977525,124.06889590878772,10.0,0.0009946126166869,338.9441416671624,1.0,0.6854259047395133,97.16818688915583,1.0,0.4829375257918373,1.5,1.5,4.5,0,0,0,0,0,0,0,0,0,0,0,0,0,0,0,0,0,0,0,0,0,0,0,0,0,0,0,0,0,0,0,1081,2384480589.4756484,0,0.0,0.0,3.556350273334548,0.0
85,28,201.65309127980123,10.0,0.207260986682499,183.8022303426469,10.0,0.446551346973425,44.04986726697361,10.0,0.0677807784074188,269.9376042258516,1.5,0.3375540357234851,52.27770722121281,10.0,0.006081312044394,4.5,2.5,4.5,0,0,0,0,0,0,0,0,0,0,0,0,0,0,0,0,0,0,0,0,0,0,0,0,0,0,0,0,0,0,0,1085,3497622132.853607,0,0.0,0.0,4.224690524281263,0.0
93,92,43.68804877622681,1.5,0.764964204721604,139.36751922297242,1.5,0.6744753860065086,98.94645229950773,10.0,0.1862590284168636,113.46524913327946,1.5,0.3348081590633945,179.0598013230974,1.5,0.2978646063770921,4.5,3.5,2.5,0,0,0,0,0,0,0,0,0,0,0,0,0,0,0,0,0,0,0,0,0,0,0,0,0,0,0,0,0,0,0,1093,1300293862.5258172,0,0.0,0.0,2.6002397992629485,0.0
96,81,321.8977035536556,1.5,0.4273858468775682,340.7017839026522,1.0,0.1952087387107929,330.84340606983505,1.0,0.1240455582045165,102.89233998650228,10.0,0.5355573542869989,55.51747476626766,1.5,0.7038947654622659,2.5,2.5,4.5,0,0,0,0,0,0,0,0,0,0,0,0,0,0,0,0,0,0,0,0,0,0,0,0,0,0,0,0,0,0,0,1096,2836007302.6194844,0,0.0,0.0,4.287292520524833,0.0
106,71,320.18704397119944,1.5,0.7712192256811546,196.4072179065023,1.5,0.1603464780266273,49.772648537885296,10.0,0.0581558066736704,124.3106547865696,10.0,0.6174956622007938,30.928975594399983,10.0,0.2762221835822609,3.5,1.5,4.5,0,0,0,0,0,0,0,0,0,0,0,0,0,0,0,0,0,0,0,0,0,0,0,0,0,0,0,0,0,0,0,1106,2418244865.2025914,0,0.0,0.0,3.876677920949243,0.0
113,73,36.85461998236653,1.5,0.1954936260587204,187.2932028853652,10.0,0.2138098831705709,247.170446946251,1.0,0.0278299713684053,143.34558014615465,1.5,0.2121236844982311,306.7213173809293,10.0,0.7420710159206657,1.5,2.5,4.5,0,0,0,0,0,0,0,0,0,0,0,0,0,0,0,0,0,0,0,0,0,0,0,0,0,0,0,0,0,0,0,1113,5258903847.655096,0,0.0,0.0,5.488504317032494,0.0
116,123,220.74003747772105,10.0,0.2671068410753341,155.32717710802427,1.0,0.4259585609577241,104.59314604846708,10.0,0.0365610143420813,201.28281214881707,1.0,0.4123163404468251,149.34815984916892,1.5,0.9934842359320446,2.5,4.5,1.5,0,0,0,0,0,0,0,0,0,0,0,0,0,0,0,0,0,0,0,0,0,0,0,0,0,0,0,0,0,0,0,1116,4992188644.843314,0,0.0,0.0,5.093890766051816,0.0
117,106,100.8642485677653,1.0,0.1880364331479088,316.3462369286643,10.0,0.6723316542498785,327.850143102156,1.5,0.2036550690563019,66.30705035979338,1.0,0.8256575628535807,331.048199363747,1.5,0.983506264594663,2.5,3.5,2.5,0,0,0,0,0,0,0,0,0,0,0,0,0,0,0,0,0,0,0,0,0,0,0,0,0,0,0,0,0,0,0,1117,3321302212.9123354,0,0.0,0.0,2.7984537529057203,0.0
118,99,74.33379764691243,10.0,0.2227268500889354,250.75235198572472,1.5,0.600518454644769,285.1663640207646,10.0,0.2189814844293718,192.147680901788,1.5,0.6001033364576537,234.6591816323252,1.5,0.2886929584907177,1.5,3.5,2.5,0,0,0,0,0,0,0,0,0,0,0,0,0,0,0,0,0,0,0,0,0,0,0,0,0,0,0,0,0,0,0,1118,3782943002.511196,0,0.0,0.0,2.963445739566109,0.0
124,127,293.4580037485905,1.0,0.8248393412830495,284.9783493405564,10.0,0.1501001009197058,51.66880249057705,10.0,0.1439520786139839,237.7101357132756,1.0,0.9870693500908876,208.69812050432827,10.0,0.5534772389353925,2.5,2.5,1.5,0,0,0,0,0,0,0,0,0,0,0,0,0,0,0,0,0,0,0,0,0,0,0,0,0,0,0,0,0,0,0,1124,2946104186.0270004,0,0.0,0.0,3.909685080587336,0.0
136,103,79.6269893781007,1.0,0.9639625779294344,149.6847142620441,1.5,0.1112986163301591,54.89943265688549,10.0,0.1476359161877734,41.17134848828324,1.0,0.2259101471459028,260.2643798656791,10.0,0.9313492001571476,2.5,1.5,4.5,0,0,0,0,0,0,0,0,0,0,0,0,0,0,0,0,0,0,0,0,0,0,0,0,0,0,0,0,0,0,0,1136,2821744429.71988,0,0.0,0.0,3.9997518431292822,0.0
142,116,38.72254726246245,1.5,0.3715801213805738,238.81854307407903,10.0,0.8660839542125965,139.08290869942562,10.0,0.0665428578905736,325.0149815897109,1.0,0.8998794681908909,271.2634805710383,1.0,0.8684773942480667,4.5,3.5,2.5,0,0,0,0,0,0,0,0,0,0,0,0,0,0,0,0,0,0,0,0,0,0,0,0,0,0,0,0,0,0,0,1142,2890331873.564595,0,0.0,0.0,4.363118344678811,0.0
144,76,178.09923270393924,1.0,0.1020882149540351,101.73071578996236,1.0,0.360348293480754,146.28856936372262,10.0,0.1283600359660034,169.76809690097235,1.5,0.9301347438433166,127.09218763354198,1.0,0.1313508572612634,3.5,1.5,4.5,0,0,0,0,0,0,0,0,0,0,0,0,0,0,0,0,0,0,0,0,0,0,0,0,0,0,0,0,0,0,0,1144,3119825964.058839,0,0.0,0.0,2.530762391923182,0.0
147,106,64.04388239654921,1.0,0.4582604871465844,281.5056427371595,10.0,0.0826064509896604,168.04550367733506,1.0,0.2061500404407509,144.64876056601702,1.5,0.5493542792501264,38.53686048333444,1.0,0.4316731277438786,2.5,1.5,2.5,0,0,0,0,0,0,0,0,0,0,0,0,0,0,0,0,0,0,0,0,0,0,0,0,0,0,0,0,0,0,0,1147,2612917631.0272064,0,0.0,0.0,2.6299915320051954,0.0
149,0,79.5998559182035,1.0,0.9987878691816324,286.9732201488626,10.0,0.6323571152043297,161.76477372435923,10.0,0.1655961591782954,222.95420819924175,1.5,0.5129588500045978,128.140896126705,1.0,0.220777029438689,4.5,4.5,1.5,0,0,0,0,0,0,0,0,0,0,0,0,0,0,0,0,0,0,0,0,0,0,0,0,0,0,0,0,0,0,0,1149,1418739070.831383,0,0.0,0.0,2.6580586495896594,0.0
161,49,227.5671503887288,10.0,0.4347032886070991,129.66099704542225,10.0,0.4169936363325048,206.62467527782852,1.0,0.133343828158121,159.57079665780105,10.0,0.9059278994336896,187.86198327953736,1.5,0.9799393168383554,4.5,1.5,1.5,0,0,0,0,0,0,0,0,0,0,0,0,0,0,0,0,0,0,0,0,0,0,0,0,0,0,0,0,0,0,0,1161,3061399273.076662,0,0.0,0.0,3.923721013748663,0.0
163,123,345.0609962682774,1.5,0.6352437745045819,40.01277188415162,1.5,0.4698753015491246,240.7367171485528,1.0,0.198607397737362,87.13015758046481,1.5,0.2341941673645386,296.378181356131,10.0,0.6599881366503516,4.5,1.5,3.5,0,0,0,0,0,0,0,0,0,0,0,0,0,0,0,0,0,0,0,0,0,0,0,0,0,0,0,0,0,0,0,1163,1643361172.2298791,0,0.0,0.0,2.807217779108326,0.0
168,88,35.675967502409854,1.5,0.2006491884208456,235.8710475485469,1.0,0.8030132322137209,162.39085747950588,1.5,0.0419847750940145,150.1450428454562,10.0,0.6394258581074348,89.5207974032133,1.0,0.1521667276561357,1.5,3.5,2.5,0,0,0,0,0,0,0,0,0,0,0,0,0,0,0,0,0,0,0,0,0,0,0,0,0,0,0,0,0,0,0,1168,5250396172.767773,0,0.0,0.0,5.267035647643935,0.0
175,76,274.7848506550358,10.0,0.9765791466260632,186.4093597669105,1.5,0.561415810423493,297.5308664201685,10.0,0.1273769003125792,236.21184581021424,1.5,0.6748431892624195,307.66972368784377,1.5,0.8910869627733548,2.5,3.5,2.5,0,0,0,0,0,0,0,0,0,0,0,0,0,0,0,0,0,0,0,0,0,0,0,0,0,0,0,0,0,0,0,1175,2074051759.8250368,0,0.0,0.0,3.5726960740328355,0.0
176,84,209.7746204687601,1.0,0.5954082169500657,132.8077663115214,1.5,0.4428007818444936,173.82088082384195,10.0,0.1239589280085672,40.59756394812,1.5,0.7746843092198614,100.18613454949248,10.0,0.3725018182509571,4.5,4.5,3.5,0,0,0,0,0,0,0,0,0,0,0,0,0,0,0,0,0,0,0,0,0,0,0,0,0,0,0,0,0,0,0,1176,1637466225.4660738,0,0.0,0.0,3.6334051328316974,0.0
178,69,304.8423348766669,10.0,0.3174926581659802,310.3588798439968,10.0,0.9930531937971632,180.97148997442932,10.0,0.0598470256770235,179.10456340032738,1.0,0.8217082144748812,266.9079452556733,1.5,0.8948102146292702,1.5,4.5,1.5,0,0,0,0,0,0,0,0,0,0,0,0,0,0,0,0,0,0,0,0,0,0,0,0,0,0,0,0,0,0,0,1178,5470794056.719334,0,0.0,0.0,5.063582049120815,0.0
180,12,196.70448584244,1.0,0.2801740707386795,249.36444662848007,1.0,0.336117629493706,35.181827390055034,1.0,0.2255814662117229,132.26171653175663,10.0,0.6898173109892037,159.68392968542105,10.0,0.8002705748808782,3.5,4.5,2.5,0,0,0,0,0,0,0,0,0,0,0,0,0,0,0,0,0,0,0,0,0,0,0,0,0,0,0,0,0,0,0,1180,2682503931.662377,0,0.0,0.0,2.339469920488738,0.0
182,46,156.8623331650346,1.5,0.284869099174914,175.29139257225785,10.0,0.6878928860083937,320.7058872989894,1.0,0.0645039075887448,207.48666543579373,1.0,0.6644502574376052,238.5890726821,1.5,0.8099429944073674,4.5,2.5,3.5,0,0,0,0,0,0,0,0,0,0,0,0,0,0,0,0,0,0,0,0,0,0,0,0,0,0,0,0,0,0,0,1182,4116392555.2182474,0,0.0,0.0,5.093344023371566,0.0
193,105,111.4919824408307,10.0,0.4770467350108573,265.2109969532771,1.5,0.4488164138725879,68.55732651263237,10.0,0.2078277423858915,55.85793932208554,1.5,0.382782541929067,148.81610178178,10.0,0.0444967332669796,2.5,4.5,1.5,0,0,0,0,0,0,0,0,0,0,0,0,0,0,0,0,0,0,0,0,0,0,0,0,0,0,0,0,0,0,0,1193,2721354681.6539307,0,0.0,0.0,3.5379576837924005,0.0
200,128,231.24836728321256,10.0,0.1111690154088326,343.46331313279035,1.0,0.1490338758020959,229.2067237474856,1.0,0.135640172796999,262.21593590424175,1.0,0.2719994621481626,64.23946996504439,1.0,0.2257107363096193,1.5,1.5,4.5,0,0,0,0,0,0,0,0,0,0,0,0,0,0,0,0,0,0,0,0,0,0,0,0,0,0,0,0,0,0,0,1200,3438883088.7493205,0,0.0,0.0,2.161607552099419,0.0
201,99,38.57257707623089,1.0,0.6243083533334035,343.0787207966244,10.0,0.736379031895632,308.1224987485942,10.0,0.2133011936251408,85.8650447195321,10.0,0.2263382682332759,275.01791347186725,1.0,0.9675454924465516,1.5,2.5,4.5,0,0,0,0,0,0,0,0,0,0,0,0,0,0,0,0,0,0,0,0,0,0,0,0,0,0,0,0,0,0,0,1201,1681704859.9904535,0,0.0,0.0,2.717998901677145,0.0
203,36,246.95746301179423,1.0,0.5887806476203865,113.3527674977055,1.5,0.400222179591792,33.07523611403179,1.5,0.1106378919119687,233.99010825219136,1.0,0.0083308448196329,42.00917000326267,10.0,0.365198983314755,2.5,1.5,4.5,0,0,0,0,0,0,0,0,0,0,0,0,0,0,0,0,0,0,0,0,0,0,0,0,0,0,0,0,0,0,0,1203,2446029940.675865,0,0.0,0.0,3.6943032029781135,0.0
205,78,260.36176027652164,10.0,0.5454866292672701,246.15803134673908,1.0,0.8364197867772964,65.66065654907572,1.5,0.0428280637464933,293.8541961822259,1.0,0.5214203732548982,227.9740268300947,10.0,0.3396862920230782,4.5,3.5,1.5,0,0,0,0,0,0,0,0,0,0,0,0,0,0,0,0,0,0,0,0,0,0,0,0,0,0,0,0,0,0,0,1205,2167645678.7022915,0,0.0,0.0,3.6656202334358574,0.0
219,2,257.6331979330795,1.0,0.1771328878616604,70.07970840586736,1.5,0.6236919424629608,297.4207553468583,10.0,0.1595916698365506,162.2446772337024,1.5,0.9148421934924356,72.10300288551323,1.5,0.9468770288346474,3.5,1.5,4.5,0,0,0,0,0,0,0,0,0,0,0,0,0,0,0,0,0,0,0,0,0,0,0,0,0,0,0,0,0,0,0,1219,2880845007.498566,0,0.0,0.0,2.0962886902030786,0.0
221,127,129.00480162712267,10.0,0.891775485846672,154.84204842239416,1.0,0.4967831973480737,62.20244332299296,10.0,0.1261621547950168,349.9978761466716,10.0,0.0553379323280137,341.3975024252202,1.5,0.9031790592647282,2.5,1.5,3.5,0,0,0,0,0,0,0,0,0,0,0,0,0,0,0,0,0,0,0,0,0,0,0,0,0,0,0,0,0,0,0,1221,2390230824.662457,0,0.0,0.0,3.644991193001786,0.0
222,127,45.32079295590064,10.0,0.5176292461211804,84.79617753559107,1.0,0.975846804853962,63.8339216062489,10.0,0.0452384410453493,95.73334425140214,10.0,0.5621694721541569,195.45865971295808,1.0,0.4616635544026495,4.5,3.5,3.5,0,0,0,0,0,0,0,0,0,0,0,0,0,0,0,0,0,0,0,0,0,0,0,0,0,0,0,0,0,0,0,1222,1777322502.756325,0,0.0,0.0,3.686852802706448,0.0
226,124,131.24647274103086,1.0,0.5850087553071385,57.94027906880487,1.0,0.9314251724741764,145.17192580921602,10.0,0.1469222485588004,227.63987023836228,1.5,0.5063522500248351,97.94971391840696,1.0,0.1824787159235976,3.5,3.5,3.5,0,0,0,0,0,0,0,0,0,0,0,0,0,0,0,0,0,0,0,0,0,0,0,0,0,0,0,0,0,0,0,1226,1802331607.4666083,0,0.0,0.0,3.5935607211481715,0.0
227,93,345.7610622695827,1.5,0.311752744272545,221.6010865393792,10.0,0.5310849265655646,312.2557739046446,10.0,0.0572851316546893,245.36824498534088,1.5,0.1291364042868353,263.4155593151902,1.5,0.4556654000360819,3.5,2.5,3.5,0,0,0,0,0,0,0,0,0,0,0,0,0,0,0,0,0,0,0,0,0,0,0,0,0,0,0,0,0,0,0,1227,4361120309.826586,0,0.0,0.0,5.094159186102773,0.0
228,39,42.90382190493892,1.5,0.6766747573114634,197.0188435469504,10.0,0.8283165316506707,57.56056067699977,10.0,0.1420325341863433,33.27582222575258,10.0,0.547199879610652,193.7145301694681,1.0,0.3947262021999342,4.5,3.5,3.5,0,0,0,0,0,0,0,0,0,0,0,0,0,0,0,0,0,0,0,0,0,0,0,0,0,0,0,0,0,0,0,1228,1668959108.9964528,0,0.0,0.0,3.57477566764062,0.0
240,111,96.53365740640062,10.0,0.5024877132217419,55.78791208079919,1.5,0.5595255152897324,344.4975847554188,10.0,0.1516735014146991,38.66544775615803,1.0,0.8747993712633901,321.0010999450042,1.0,0.8966744946382293,1.5,1.5,4.5,0,0,0,0,0,0,0,0,0,0,0,0,0,0,0,0,0,0,0,0,0,0,0,0,0,0,0,0,0,0,0,1240,1921133056.4715624,0,0.0,0.0,2.714020757554304,0.0
242,119,235.5634575033997,10.0,0.9539610677172732,325.30148344170175,10.0,0.7122881358648281,264.78898328588394,1.5,0.0814661829724466,130.3738084854427,10.0,0.06284283821982,336.18545852653585,1.0,0.2532736566686443,4.5,2.5,4.5,0,0,0,0,0,0,0,0,0,0,0,0,0,0,0,0,0,0,0,0,0,0,0,0,0,0,0,0,0,0,0,1242,1713675905.8129704,0,0.0,0.0,3.615622612520888,0.0
243,43,302.76055745737443,1.5,0.4915494480058635,330.79384134541743,1.0,0.5604494261021314,115.22556151351418,1.5,0.1636055084851563,343.7070502333144,10.0,0.5931161655149403,275.5705194788178,1.0,0.1021829446555329,4.5,3.5,2.5,0,0,0,0,0,0,0,0,0,0,0,0,0,0,0,0,0,0,0,0,0,0,0,0,0,0,0,0,0,0,0,1243,2054433168.287999,0,0.0,0.0,3.726564431756233,0.0
254,26,218.73610309738012,1.0,0.8311920806715981,305.0181969585649,1.5,0.3913776973845653,176.35512910563466,1.5,0.0752162197396915,105.79586973554458,1.5,0.7295090129840603,282.65322734029326,10.0,0.3059348362020337,1.5,4.5,4.5,0,0,0,0,0,0,0,0,0,0,0,0,0,0,0,0,0,0,0,0,0,0,0,0,0,0,0,0,0,0,0,1254,1989170348.12976,0,0.0,0.0,3.630244753603365,0.0
259,111,188.19315483584143,10.0,0.8089937574336236,242.9427124154927,10.0,0.1330561129365181,142.01743833040916,1.5,0.1212753307218018,148.42979284933062,1.0,0.2329874329159156,178.2123880786135,1.5,0.0380258727905348,1.5,2.5,3.5,0,0,0,0,0,0,0,0,0,0,0,0,0,0,0,0,0,0,0,0,0,0,0,0,0,0,0,0,0,0,0,1259,2735182206.687448,0,0.0,0.0,3.848141040550377,0.0
268,120,130.22999566695347,10.0,0.3253953697125565,97.6956524593403,10.0,0.4123298896540225,322.81043104038304,10.0,0.2158487261740313,152.3742584822264,10.0,0.2082957584776183,101.4401181435216,1.5,0.9226554394945388,3.5,3.5,4.5,0,0,0,0,0,0,0,0,0,0,0,0,0,0,0,0,0,0,0,0,0,0,0,0,0,0,0,0,0,0,0,1268,2401909223.8201065,0,0.0,0.0,2.3534296856908963,0.0
275,51,183.78496835801167,10.0,0.8946231676309494,39.02718001092938,1.0,0.4862620856410352,75.33577038412042,1.0,0.0281798862902676,315.147989240502,10.0,0.1207269671415793,209.1796744428607,1.0,0.9609561120086876,4.5,4.5,1.5,0,0,0,0,0,0,0,0,0,0,0,0,0,0,0,0,0,0,0,0,0,0,0,0,0,0,0,0,0,0,0,1275,1916113099.137652,0,0.0,0.0,3.4937479820218638,0.0
276,65,337.8828430899819,1.0,0.4681569850197743,135.16920816310954,10.0,0.037323200080499,275.49269895120926,1.5,0.1387769480079107,294.7767865796831,1.0,0.9374526326752392,264.85241043650547,10.0,0.4622769347992911,4.5,1.5,4.5,0,0,0,0,0,0,0,0,0,0,0,0,0,0,0,0,0,0,0,0,0,0,0,0,0,0,0,0,0,0,0,1276,1907996707.1010883,0,0.0,0.0,2.320179866951438,0.0
279,52,182.9383383372442,1.5,0.6773335394069895,306.2202929799998,1.5,0.9448849754464392,254.416556838108,1.5,0.210519195838228,249.27124676116597,10.0,0.6562072983847868,325.4474658902208,10.0,0.2131448002166493,2.5,1.5,2.5,0,0,0,0,0,0,0,0,0,0,0,0,0,0,0,0,0,0,0,0,0,0,0,0,0,0,0,0,0,0,0,1279,1237513782.599087,0,0.0,0.0,1.831058987650052,0.0
286,95,147.3982103730718,1.0,0.3548900560299342,247.49985863291545,1.5,0.9562044437850216,266.8114047875703,1.5,0.089931466132403,109.02782285677362,1.0,0.5377756095568288,226.1456318073816,1.5,0.5081273196812706,2.5,1.5,1.5,0,0,0,0,0,0,0,0,0,0,0,0,0,0,0,0,0,0,0,0,0,0,0,0,0,0,0,0,0,0,0,1286,5160796956.72627,0,0.0,0.0,4.770184664531175,0.0
287,4,106.1086497093466,1.5,0.1450598071697683,260.98591920071686,1.5,0.2908148300716094,64.00669118541659,10.0,0.0045207178467454,322.7738231224605,10.0,0.614795227519157,122.0862457304782,1.0,0.1951663880268651,1.5,3.5,1.5,0,0,0,0,0,0,0,0,0,0,0,0,0,0,0,0,0,0,0,0,0,0,0,0,0,0,0,0,0,0,0,1287,5770141474.996368,0,0.0,0.0,5.170975110192922,0.0
290,69,165.92335105367263,10.0,0.3249955603026215,333.23930790931195,1.0,0.6608457344572414,256.4020949370454,10.0,0.2228223638870798,49.25614319843261,1.5,0.7218254184971726,343.3152630254656,1.0,0.0575818118695397,3.5,2.5,1.5,0,0,0,0,0,0,0,0,0,0,0,0,0,0,0,0,0,0,0,0,0,0,0,0,0,0,0,0,0,0,0,1290,3387416986.702274,0,0.0,0.0,2.289788925387296,0.0
294,13,213.16707197258023,10.0,0.5132392521287269,125.34618910484572,10.0,0.1586011317065026,140.15031348276125,1.0,0.0741140709874146,265.8334605798179,1.0,0.7884620315208501,209.42704687706745,10.0,0.9405256614325164,1.5,3.5,2.5,0,0,0,0,0,0,0,0,0,0,0,0,0,0,0,0,0,0,0,0,0,0,0,0,0,0,0,0,0,0,0,1294,2814674842.492281,0,0.0,0.0,3.8843105697266993,0.0
304,92,229.58638252988104,10.0,0.1679510084652854,220.9704815218633,10.0,0.6426325111994425,317.01332808824424,1.0,0.188665664910065,211.57209654796813,10.0,0.9329457765460186,90.61590282822222,1.5,0.0163793500270664,2.5,2.5,2.5,0,0,0,0,0,0,0,0,0,0,0,0,0,0,0,0,0,0,0,0,0,0,0,0,0,0,0,0,0,0,0,1304,3113259542.165225,0,0.0,0.0,2.069888402240084,0.0
310,87,271.8477177647883,1.0,0.1910171429286712,32.62621104616113,1.5,0.2094976231864008,292.747322235567,1.5,0.1814356490194815,209.46552292294385,1.5,0.7026892717319932,211.16684530047223,1.5,0.8066834392034281,1.5,4.5,2.5,0,0,0,0,0,0,0,0,0,0,0,0,0,0,0,0,0,0,0,0,0,0,0,0,0,0,0,0,0,0,0,1310,3032910518.205516,0,0.0,0.0,2.0044920160421382,0.0
315,54,344.47084456180016,1.0,0.4408503429639711,186.56219286945532,1.5,0.5328452955793359,130.2284235834886,1.0,0.0224341925727236,76.0867476380956,10.0,0.3220256275565639,153.8382954368521,1.5,0.9298301666745346,3.5,4.5,3.5,0,0,0,0,0,0,0,0,0,0,0,0,0,0,0,0,0,0,0,0,0,0,0,0,0,0,0,0,0,0,0,1315,2005795556.7197416,0,0.0,0.0,3.838448482156709,0.0
323,33,238.28525834421484,10.0,0.8759618060934573,41.73582079388286,1.5,0.1214649399402905,163.07047022664457,1.5,0.2007412432130081,136.0053032144694,10.0,0.7463233162650704,275.97676082764167,1.0,0.460626976807724,4.5,3.5,1.5,0,0,0,0,0,0,0,0,0,0,0,0,0,0,0,0,0,0,0,0,0,0,0,0,0,0,0,0,0,0,0,1323,2130450368.6536703,0,0.0,0.0,3.1921917763564718,0.0
330,10,266.5445995014302,1.0,0.3124333162490333,64.24363124152947,1.0,0.5293840117553816,77.03982300897538,1.0,0.1142536472221026,66.96374626241163,10.0,0.3200320637405614,118.70326233308032,1.5,0.8390648407225214,3.5,4.5,3.5,0,0,0,0,0,0,0,0,0,0,0,0,0,0,0,0,0,0,0,0,0,0,0,0,0,0,0,0,0,0,0,1330,3708730699.551324,0,0.0,0.0,4.95175370544256,0.0
334,70,179.47111617180457,1.0,0.603980187367911,236.34702422698624,1.5,0.5125623008154282,57.01919549578002,1.0,0.1578520485069135,85.00488252030583,1.5,0.9591217968564418,266.5208620358402,1.0,0.5203526663857891,4.5,1.5,2.5,0,0,0,0,0,0,0,0,0,0,0,0,0,0,0,0,0,0,0,0,0,0,0,0,0,0,0,0,0,0,0,1334,2332233639.7902155,0,0.0,0.0,3.717016437001907,0.0
340,61,238.9784666763209,10.0,0.3653680956433185,305.90444467103674,10.0,0.7658604061108208,320.0258880883535,1.5,0.0849732566861022,202.71349865816288,1.5,0.0702487162950924,213.4591001761796,10.0,0.1353820823002641,2.5,3.5,1.5,0,0,0,0,0,0,0,0,0,0,0,0,0,0,0,0,0,0,0,0,0,0,0,0,0,0,0,0,0,0,0,1340,4458540491.074083,0,0.0,0.0,4.789317238307124,0.0
345,83,148.87899974764048,1.5,0.5924344698380828,46.65960300943625,10.0,0.7756632144462273,151.51627135394804,1.5,0.1309495557374312,294.3724365323288,1.0,0.8471635892577946,232.33646023906385,1.5,0.5072060253300298,4.5,2.5,4.5,0,0,0,0,0,0,0,0,0,0,0,0,0,0,0,0,0,0,0,0,0,0,0,0,0,0,0,0,0,0,0,1345,1778475826.792269,0,0.0,0.0,3.645677265566541,0.0
346,38,158.430188075138,1.0,0.8098387423251436,60.86166346000614,10.0,0.7854502883801949,147.93971731018482,10.0,0.0859398257100252,199.89657459082227,10.0,0.5579431666423771,305.16991801958613,1.5,0.054837988977708,4.5,3.5,3.5,0,0,0,0,0,0,0,0,0,0,0,0,0,0,0,0,0,0,0,0,0,0,0,0,0,0,0,0,0,0,0,1346,1640866961.2626026,0,0.0,0.0,3.524598477979335,0.0
365,71,69.53518557663797,10.0,0.5307889100859993,198.2380363305828,1.5,0.965363675698146,106.92742500621092,10.0,0.1542028346911186,312.9381561214729,1.0,0.0094194461531527,308.17822367507296,1.5,0.0298063340543855,4.5,4.5,4.5,0,0,0,0,0,0,0,0,0,0,0,0,0,0,0,0,0,0,0,0,0,0,0,0,0,0,0,0,0,0,0,1365,1592144283.5222352,0,0.0,0.0,3.608076329392496,0.0
366,84,327.38866673765483,1.5,0.6527509324565746,291.2966381417187,1.5,0.167759129294301,302.2051508285447,1.5,0.0388825240612208,37.2672726208,1.0,0.6434504783386757,117.53574200379198,10.0,0.6707132683324151,4.5,1.5,1.5,0,0,0,0,0,0,0,0,0,0,0,0,0,0,0,0,0,0,0,0,0,0,0,0,0,0,0,0,0,0,0,1366,2833954544.5832214,0,0.0,0.0,3.836928537450549,0.0
367,13,154.076068509346,1.0,0.9016270817925324,282.0489837415278,10.0,0.3101705939201906,327.59256862611926,1.0,0.0443482220752948,248.3402907079094,1.0,0.2560633662136792,168.3525180155801,1.5,0.4370060764060761,4.5,1.5,2.5,0,0,0,0,0,0,0,0,0,0,0,0,0,0,0,0,0,0,0,0,0,0,0,0,0,0,0,0,0,0,0,1367,2245447842.004904,0,0.0,0.0,3.563650493605975,0.0
371,45,106.70919453156394,10.0,0.3011233338064414,160.77500541097714,1.0,0.8242397395769688,39.51051556854152,1.0,0.196893650526428,49.60921422738319,1.0,0.5888684735679866,292.8071472534322,1.0,0.9532781853565409,2.5,4.5,3.5,0,0,0,0,0,0,0,0,0,0,0,0,0,0,0,0,0,0,0,0,0,0,0,0,0,0,0,0,0,0,0,1371,2916105518.370971,0,0.0,0.0,2.7998573059427256,0.0
375,95,192.82898461866952,1.0,0.7059915758715947,94.8488553510241,1.5,0.7888190559830143,335.2056796208664,1.5,0.1259214400855977,284.85431050901417,10.0,0.1429164530240434,212.3849254503935,1.5,0.5581350345209065,2.5,4.5,2.5,0,0,0,0,0,0,0,0,0,0,0,0,0,0,0,0,0,0,0,0,0,0,0,0,0,0,0,0,0,0,0,1375,1931138915.0540264,0,0.0,0.0,3.4948273723542496,0.0
377,61,137.17738295091073,1.5,0.1316430778159489,137.64170913629192,1.5,0.039759557867041,109.355213062218,1.0,0.0242552991430856,293.4002805047372,1.0,0.8204999283884621,70.75758159659188,1.5,0.9326202700370788,4.5,4.5,3.5,0,0,0,0,0,0,0,0,0,0,0,0,0,0,0,0,0,0,0,0,0,0,0,0,0,0,0,0,0,0,0,1377,3770522950.0121737,0,0.0,0.0,5.322042471412591,0.0
384,107,304.28810830086445,1.5,0.1070968640502633,160.95149784688817,1.5,0.2523128495699207,97.18399676709794,1.0,0.0734978252528261,187.86846542748145,10.0,0.053279427121757,241.85639304525688,10.0,0.6775269865179909,2.5,4.5,1.5,0,0,0,0,0,0,0,0,0,0,0,0,0,0,0,0,0,0,0,0,0,0,0,0,0,0,0,0,0,0,0,1384,3048228885.4609337,0,0.0,0.0,2.05185759812968,0.0
388,26,288.3207773267193,10.0,0.6065526494901069,315.0469572911092,10.0,0.2627202130970866,231.1020655220037,1.0,0.0169284883949904,191.0155884144842,1.0,0.4433361299088795,289.11640583634266,1.0,0.0988407110696868,1.5,1.5,4.5,0,0,0,0,0,0,0,0,0,0,0,0,0,0,0,0,0,0,0,0,0,0,0,0,0,0,0,0,0,0,0,1388,2675586881.8570323,0,0.0,0.0,3.759451218794722,0.0
393,83,146.29165979622843,1.5,0.8405671998598975,151.81839139719233,1.0,0.1294958438296825,310.4404797482373,1.5,0.223193242021373,145.0901236127782,1.5,0.8239726697074877,249.71153152433877,10.0,0.1255568610607415,2.5,4.5,1.5,0,0,0,0,0,0,0,0,0,0,0,0,0,0,0,0,0,0,0,0,0,0,0,0,0,0,0,0,0,0,0,1393,2082219561.847176,0,0.0,0.0,2.84296452083153,0.0
395,92,221.5485497405465,1.5,0.2429889648751543,197.95448634252529,10.0,0.5757328257443026,328.90648143892025,1.5,0.0794813999807928,231.532689682162,1.5,0.2977268946446874,333.9585077937196,1.0,0.1660432339564247,2.5,3.5,1.5,0,0,0,0,0,0,0,0,0,0,0,0,0,0,0,0,0,0,0,0,0,0,0,0,0,0,0,0,0,0,0,1395,3745687060.7199287,0,0.0,0.0,2.9140921352930214,0.0
401,108,329.49165230482856,10.0,0.1183024605620584,218.48327741602697,10.0,0.9008067060560084,55.33172507183431,1.0,0.0624784498993486,303.2025777156831,10.0,0.9098632495483902,344.9096742634762,10.0,0.4577654321796331,2.5,4.5,1.5,0,0,0,0,0,0,0,0,0,0,0,0,0,0,0,0,0,0,0,0,0,0,0,0,0,0,0,0,0,0,0,1401,3038763840.2187886,0,0.0,0.0,2.043961977195329,0.0
402,123,34.97694363544846,10.0,0.9502113929886448,108.73807888737672,10.0,0.6032115091026958,313.38636882476925,10.0,0.1744945695472574,48.94739184549435,1.5,0.6015766748312323,244.73917310272185,1.5,0.2912249819207228,4.5,3.5,3.5,0,0,0,0,0,0,0,0,0,0,0,0,0,0,0,0,0,0,0,0,0,0,0,0,0,0,0,0,0,0,0,1402,1628516059.0404215,0,0.0,0.0,3.523002355945134,0.0
409,31,316.2455791072905,10.0,0.2330746574995101,134.8416110829496,10.0,0.1279215203857775,347.36903003151286,1.5,0.0488124773511856,55.4990801695436,1.0,0.9611915306763532,34.33362718965547,10.0,0.2430166757975012,2.5,3.5,4.5,0,0,0,0,0,0,0,0,0,0,0,0,0,0,0,0,0,0,0,0,0,0,0,0,0,0,0,0,0,0,0,1409,3250180996.059203,0,0.0,0.0,3.408373377919266,0.0
411,102,97.186321521429,10.0,0.6300211914446476,32.18785747198076,1.5,0.1620724535338597,309.26879620088107,1.5,0.1786983410747753,79.04591877230811,1.0,0.5719702769815433,123.32684088904112,10.0,0.928057185286918,3.5,4.5,3.5,0,0,0,0,0,0,0,0,0,0,0,0,0,0,0,0,0,0,0,0,0,0,0,0,0,0,0,0,0,0,0,1411,1527238082.62322,0,0.0,0.0,2.9516005772811225,0.0
413,130,143.5267582677424,1.5,0.1439965932086956,235.5156586914712,1.5,0.7090893552087723,139.36897112703662,1.5,0.026203743504172,251.81762304894568,1.5,0.9389933107056172,343.67135981857746,1.0,0.8502027983755942,2.5,3.5,2.5,0,0,0,0,0,0,0,0,0,0,0,0,0,0,0,0,0,0,0,0,0,0,0,0,0,0,0,0,0,0,0,1413,4663594398.972227,0,0.0,0.0,5.059845701903406,0.0
426,98,266.44975258304896,1.5,0.4051566824764046,238.4467466985203,1.0,0.3638716592162875,44.65400212496471,1.5,0.0437785120539561,53.79045333300334,1.0,0.7007802044073668,319.8976274200383,1.5,0.7856991845480392,3.5,3.5,3.5,0,0,0,0,0,0,0,0,0,0,0,0,0,0,0,0,0,0,0,0,0,0,0,0,0,0,0,0,0,0,0,1426,2594455820.9856844,0,0.0,0.0,4.206769869569785,0.0
429,110,103.45013065046324,1.0,0.3687831294235896,130.6195060155897,1.5,0.6385035182222989,347.91358105440344,1.5,0.1610731635042961,207.1796009614781,1.5,0.7633432507662077,189.5168018709201,10.0,0.7416100762864322,2.5,3.5,4.5,0,0,0,0,0,0,0,0,0,0,0,0,0,0,0,0,0,0,0,0,0,0,0,0,0,0,0,0,0,0,0,1429,3527811415.6828423,0,0.0,0.0,4.789463320816251,0.0
433,112,190.789789478384,10.0,0.7806620880847802,85.36980237433289,10.0,0.7055635576649564,305.6488093099324,1.5,0.0918668119839507,186.24643979129968,1.0,0.7080145148452535,122.3345958914434,10.0,0.8614896627490313,3.5,2.5,4.5,0,0,0,0,0,0,0,0,0,0,0,0,0,0,0,0,0,0,0,0,0,0,0,0,0,0,0,0,0,0,0,1433,1831475111.0881245,0,0.0,0.0,3.626506192697873,0.0
435,95,171.76351023597033,1.0,0.4897093476693293,309.1913028324061,1.5,0.0649597662551778,330.4164652227977,1.0,0.0342090763559784,104.51929991433272,10.0,0.4800474902967999,334.6432792910504,1.0,0.3128422991730125,1.5,2.5,4.5,0,0,0,0,0,0,0,0,0,0,0,0,0,0,0,0,0,0,0,0,0,0,0,0,0,0,0,0,0,0,0,1435,3180077073.4243994,0,0.0,0.0,4.178632276111244,0.0
441,119,82.5048762977159,1.0,0.7309724727713814,245.8269536485093,10.0,0.7479475693831252,212.5641520332552,1.5,0.0203929224921053,170.12470526697243,1.5,0.7574431363680869,92.32199551546512,1.5,0.9628010484486684,1.5,4.5,4.5,0,0,0,0,0,0,0,0,0,0,0,0,0,0,0,0,0,0,0,0,0,0,0,0,0,0,0,0,0,0,0,1441,1939132158.182612,0,0.0,0.0,3.619309005774836,0.0
449,41,98.97280411201363,1.5,0.5375857886392128,297.0320716127026,1.5,0.6715540581887673,316.40300907666506,1.0,0.1009495555777234,309.71339929390774,10.0,0.1286515466661859,105.44031391657606,1.0,0.7984519397158827,3.5,1.5,3.5,0,0,0,0,0,0,0,0,0,0,0,0,0,0,0,0,0,0,0,0,0,0,0,0,0,0,0,0,0,0,0,1449,2273880733.540185,0,0.0,0.0,3.63648765458074,0.0
453,41,230.2483012486505,10.0,0.5204783684229445,288.31145770606264,1.5,0.8870255109990045,315.96826302727214,1.5,0.1688239415289316,86.1717141773589,10.0,0.6064710325866968,237.4411222191709,10.0,0.8134526328129675,2.5,4.5,1.5,0,0,0,0,0,0,0,0,0,0,0,0,0,0,0,0,0,0,0,0,0,0,0,0,0,0,0,0,0,0,0,1453,1723846724.615811,0,0.0,0.0,2.700425082526332,0.0
455,12,302.4727343638989,1.5,0.153738374735659,123.23165457898514,1.5,0.1836492382019391,259.4626805605253,1.0,0.0531827428453894,149.64745440941843,1.0,0.5796039875584785,132.45334269438308,1.0,0.9920253774255456,1.5,1.5,4.5,0,0,0,0,0,0,0,0,0,0,0,0,0,0,0,0,0,0,0,0,0,0,0,0,0,0,0,0,0,0,0,1455,3556712758.8716154,0,0.0,0.0,2.320833442039268,0.0
457,128,334.7566159266213,1.5,0.197985261746885,328.2188329281757,10.0,0.3935837524875378,331.41310074414235,1.5,0.0321833649615826,58.34715679572946,1.0,0.4443542456283746,224.3824259265281,1.5,0.8216025159869115,4.5,3.5,1.5,0,0,0,0,0,0,0,0,0,0,0,0,0,0,0,0,0,0,0,0,0,0,0,0,0,0,0,0,0,0,0,1457,3370400241.3531046,0,0.0,0.0,2.949818657844854,0.0
465,103,298.6159259465236,1.5,0.7523116754138963,222.7077046849698,1.5,0.4540593915267649,199.58246457013783,1.0,0.1481513710675527,250.1475399737187,1.5,0.8709689579650813,71.61169026830206,10.0,0.863622803367973,2.5,4.5,1.5,0,0,0,0,0,0,0,0,0,0,0,0,0,0,0,0,0,0,0,0,0,0,0,0,0,0,0,0,0,0,0,1465,2234367069.5290284,0,0.0,0.0,3.6107907020553327,0.0
467,38,300.1377835568022,1.5,0.5298924587322917,251.68905995039512,1.0,0.760775485826135,208.25339676733785,1.0,0.1199415750209225,31.360472187139145,1.0,0.3360540237310012,173.9867673147887,10.0,0.7719492738419108,2.5,3.5,3.5,0,0,0,0,0,0,0,0,0,0,0,0,0,0,0,0,0,0,0,0,0,0,0,0,0,0,0,0,0,0,0,1467,2028865218.958594,0,0.0,0.0,3.620776021191755,0.0
471,54,233.98282237108745,10.0,0.2593892762392293,283.6932704074097,10.0,0.8358399542323742,89.28407208929855,10.0,0.0541989176216155,46.15004416376699,10.0,0.4459730258806409,303.27470816443235,1.0,0.7609292084371342,1.5,3.5,1.5,0,0,0,0,0,0,0,0,0,0,0,0,0,0,0,0,0,0,0,0,0,0,0,0,0,0,0,0,0,0,0,1471,5564889153.926533,0,0.0,0.0,4.90884150559285,0.0
473,125,330.1444266736441,10.0,0.3825919336684327,179.9384475494011,1.0,0.5981001760118934,142.5704428743443,1.5,0.0760850661540179,164.4909198128014,1.0,0.4322255073158905,86.28264584148116,1.5,0.8432158975091197,3.5,4.5,1.5,0,0,0,0,0,0,0,0,0,0,0,0,0,0,0,0,0,0,0,0,0,0,0,0,0,0,0,0,0,0,0,1473,3261470537.3291955,0,0.0,0.0,4.369076486512213,0.0
490,53,260.4191854082099,10.0,0.9993995519224068,267.66054692469504,1.5,0.1933753746993366,178.11226006515372,10.0,0.0069606011735747,63.88619497400243,10.0,0.4579668009742445,262.9517702643425,1.5,0.8925798299989821,1.5,1.5,1.5,0,0,0,0,0,0,0,0,0,0,0,0,0,0,0,0,0,0,0,0,0,0,0,0,0,0,0,0,0,0,0,1490,3270981668.374939,0,0.0,0.0,3.798895866530644,0.0
497,9,202.5662777855531,1.5,0.921993364441126,277.6877943578114,1.5,0.5242638725415556,251.38431417901745,1.5,0.2215022014338973,195.22669119831616,10.0,0.4762905594208773,65.11889282859855,1.5,0.6092973539041845,1.5,4.5,1.5,0,0,0,0,0,0,0,0,0,0,0,0,0,0,0,0,0,0,0,0,0,0,0,0,0,0,0,0,0,0,0,1497,1238425390.080496,0,0.0,0.0,1.8573518653886247,0.0
504,76,68.78253639649589,1.0,0.4753865965688875,32.490748714040066,10.0,0.1901197131653584,215.22403273662889,1.5,0.1067050640658947,129.1348351908939,10.0,0.0161865259631373,331.33160456143173,1.5,0.3852569907462597,1.5,1.5,4.5,0,0,0,0,0,0,0,0,0,0,0,0,0,0,0,0,0,0,0,0,0,0,0,0,0,0,0,0,0,0,0,1504,3157620005.1254425,0,0.0,0.0,4.048260718550428,0.0
506,91,125.67142088165568,10.0,0.7663152603276226,240.43152509435487,1.5,0.1135427647450569,37.23066605910268,10.0,0.049733838222941,260.0312949388502,1.5,0.6071832915597107,44.37486231382039,1.5,0.4365439277460339,1.5,2.5,1.5,0,0,0,0,0,0,0,0,0,0,0,0,0,0,0,0,0,0,0,0,0,0,0,0,0,0,0,0,0,0,0,1506,3482665995.708904,0,0.0,0.0,4.057777248616155,0.0
507,129,262.079968954831,10.0,0.4205985245116851,220.4860574765312,1.5,0.6800285987753812,153.8747159262054,1.0,0.0502340317017407,282.6930779703087,1.0,0.3256367397032295,218.38546905917224,1.0,0.5356941750773607,2.5,2.5,2.5,0,0,0,0,0,0,0,0,0,0,0,0,0,0,0,0,0,0,0,0,0,0,0,0,0,0,0,0,0,0,0,1507,2765113418.4003525,0,0.0,0.0,3.8227684548174663,0.0
523,132,83.64498143011585,1.0,0.1733507813668762,308.172961562508,1.0,0.7950498591733338,200.3453788395542,10.0,0.1521409847360716,120.79763469754096,10.0,0.934555680020194,133.99126716294927,10.0,0.9522699879429136,4.5,2.5,2.5,0,0,0,0,0,0,0,0,0,0,0,0,0,0,0,0,0,0,0,0,0,0,0,0,0,0,0,0,0,0,0,1523,3388083540.9825315,0,0.0,0.0,3.2398519803089405,0.0
524,30,342.16397273448683,10.0,0.8749643176221789,326.6900641274236,1.0,0.7945868903162353,67.73405334684712,1.5,0.0108094904056081,209.61812266803167,10.0,0.0212856605008949,114.63596524418983,10.0,0.3073953450866949,3.5,4.5,1.5,0,0,0,0,0,0,0,0,0,0,0,0,0,0,0,0,0,0,0,0,0,0,0,0,0,0,0,0,0,0,0,1524,2066369135.0946524,0,0.0,0.0,3.5785807259186657,0.0
528,62,89.54715857781487,1.0,0.2752452926238697,215.12198346379336,10.0,0.6431158006093313,162.65773444079483,1.0,0.0151311321685738,139.2101475197411,1.0,0.7016597122903454,64.45686391148332,1.5,0.0808379616291709,3.5,4.5,2.5,0,0,0,0,0,0,0,0,0,0,0,0,0,0,0,0,0,0,0,0,0,0,0,0,0,0,0,0,0,0,0,1528,4177652765.579458,0,0.0,0.0,5.2287849982911165,0.0
532,114,71.02154307340732,1.0,0.2166923832419266,178.26974468769097,1.5,0.2470213570488757,153.6435806593436,1.5,0.1012835137345279,144.4492464736403,1.5,0.7850696546457415,135.67936141867125,10.0,0.8408700337058236,1.5,3.5,4.5,0,0,0,0,0,0,0,0,0,0,0,0,0,0,0,0,0,0,0,0,0,0,0,0,0,0,0,0,0,0,0,1532,4237885964.689677,0,0.0,0.0,4.398318313712406,0.0
534,3,55.45479772299399,10.0,0.2496235748571468,287.5632373630086,1.0,0.6536891760486153,118.34871231131471,1.0,0.0516610956009672,204.7598614594201,10.0,0.1723986741772419,323.2586361637292,1.0,0.4862065256222709,2.5,1.5,3.5,0,0,0,0,0,0,0,0,0,0,0,0,0,0,0,0,0,0,0,0,0,0,0,0,0,0,0,0,0,0,0,1534,5316150301.683071,0,0.0,0.0,5.301249432788872,0.0
541,132,242.62974808404465,1.5,0.6759338529526764,187.5789002659879,1.0,0.6114183855584007,344.07673520433195,1.0,0.0522656784896967,110.39444422692206,1.5,0.827636450343124,212.74214710019737,10.0,0.5324398390326285,2.5,2.5,1.5,0,0,0,0,0,0,0,0,0,0,0,0,0,0,0,0,0,0,0,0,0,0,0,0,0,0,0,0,0,0,0,1541,2489826557.8826118,0,0.0,0.0,3.605255333969896,0.0
542,34,345.5190773691808,10.0,0.9201222254322584,262.85806370612966,10.0,0.5432166789939635,253.65736299336123,1.0,0.0191344952198363,85.18507078728182,1.0,0.0302431824816097,340.5174205352969,1.0,0.9893689375313588,2.5,4.5,2.5,0,0,0,0,0,0,0,0,0,0,0,0,0,0,0,0,0,0,0,0,0,0,0,0,0,0,0,0,0,0,0,1542,1983696982.7865076,0,0.0,0.0,3.617045618542193,0.0
545,122,254.5088245018116,10.0,0.5627294384948983,233.71842596059057,1.0,0.163499071973885,229.9338707588344,1.0,0.1776859771055396,116.5269254410564,1.5,0.2651633828435197,338.88350246200383,1.0,0.6295858159040015,2.5,4.5,3.5,0,0,0,0,0,0,0,0,0,0,0,0,0,0,0,0,0,0,0,0,0,0,0,0,0,0,0,0,0,0,0,1545,1700827635.155865,0,0.0,0.0,2.944347646908522,0.0
546,18,307.23397402917,1.0,0.6349508243070296,40.30427668455144,1.0,0.4821077845646798,279.89174385801005,1.5,0.1200242908790677,169.11931472550805,1.5,0.2382792715985505,33.751426935931086,10.0,0.6033512867661794,2.5,2.5,4.5,0,0,0,0,0,0,0,0,0,0,0,0,0,0,0,0,0,0,0,0,0,0,0,0,0,0,0,0,0,0,0,1546,2053704502.2449064,0,0.0,0.0,3.6575301929690927,0.0
550,130,338.58104134846207,1.0,0.8166887597675807,30.104211959070525,10.0,0.2213011426176029,89.89092804082568,10.0,0.2099525653338545,300.8376373968545,1.5,0.5875454027782261,138.14725622600918,10.0,0.3086851273875747,2.5,2.5,3.5,0,0,0,0,0,0,0,0,0,0,0,0,0,0,0,0,0,0,0,0,0,0,0,0,0,0,0,0,0,0,0,1550,1703211017.2352402,0,0.0,0.0,2.774759837389729,0.0
553,77,96.2239660167942,1.0,0.4292379795332999,129.94952341390703,1.5,0.941926388313988,289.9372599624855,1.0,0.2046538377261367,101.47782554157146,1.5,0.8136041600395115,176.5263785993908,10.0,0.6765146893162303,2.5,3.5,2.5,0,0,0,0,0,0,0,0,0,0,0,0,0,0,0,0,0,0,0,0,0,0,0,0,0,0,0,0,0,0,0,1553,2066124205.3331015,0,0.0,0.0,3.000763029110132,0.0
554,56,109.64050516819972,1.5,0.3506818445449376,337.93007062208164,10.0,0.2336506356413704,187.20695368274872,1.5,0.071686749634767,272.9974035092061,1.5,0.8106883392396267,209.62453997444695,1.5,0.0268739240719019,3.5,2.5,1.5,0,0,0,0,0,0,0,0,0,0,0,0,0,0,0,0,0,0,0,0,0,0,0,0,0,0,0,0,0,0,0,1554,4555194171.111443,0,0.0,0.0,4.859237665203684,0.0
556,60,31.942955067639268,10.0,0.3057652219557318,297.343729607714,1.0,0.4299813346281398,81.90659840033669,1.5,0.1899005924545166,256.1677351336908,10.0,0.2439772722935784,154.82532444644912,1.5,0.2986536624585519,4.5,2.5,2.5,0,0,0,0,0,0,0,0,0,0,0,0,0,0,0,0,0,0,0,0,0,0,0,0,0,0,0,0,0,0,0,1556,4117175435.604532,0,0.0,0.0,4.523632479001682,0.0
559,18,33.81367763517228,1.5,0.5228307890949397,127.52871764553107,1.0,0.333181600457718,99.12005348566969,1.5,0.1032033184929909,50.152358952583214,10.0,0.7694153785664527,239.05845778719996,1.0,0.8386895100895099,2.5,3.5,1.5,0,0,0,0,0,0,0,0,0,0,0,0,0,0,0,0,0,0,0,0,0,0,0,0,0,0,0,0,0,0,0,1559,2591560641.0025067,0,0.0,0.0,3.786899804186705,0.0
560,111,66.4725161206708,1.5,0.5717506625383197,293.4070826069434,1.5,0.0049625236024763,150.08258096620705,10.0,0.1412437233347304,307.6321484196433,1.0,0.3484931650413403,94.30657232766038,10.0,0.0936766923825311,1.5,2.5,2.5,0,0,0,0,0,0,0,0,0,0,0,0,0,0,0,0,0,0,0,0,0,0,0,0,0,0,0,0,0,0,0,1560,1263658584.8339598,0,0.0,0.0,0.9283194487996858,0.0
561,66,336.9812979083904,1.5,0.2059206371549553,125.91515618846216,1.0,0.6652683157049142,108.06959318145688,10.0,0.1794304039087625,303.60133476142937,10.0,0.0509382303142893,150.95099335247244,1.5,0.398421883844331,3.5,3.5,4.5,0,0,0,0,0,0,0,0,0,0,0,0,0,0,0,0,0,0,0,0,0,0,0,0,0,0,0,0,0,0,0,1561,2219122377.5065627,0,0.0,0.0,1.8741526814048668,0.0
563,19,311.2452475205073,10.0,0.5018901020403,346.31279505197193,1.5,0.5638984774210796,39.86966983106705,10.0,0.1498241954423837,211.4174836566173,1.0,0.7456261886225279,281.9378381042152,1.0,0.2366640792388618,1.5,3.5,2.5,0,0,0,0,0,0,0,0,0,0,0,0,0,0,0,0,0,0,0,0,0,0,0,0,0,0,0,0,0,0,0,1563,2443982574.103301,0,0.0,0.0,3.6033593889147246,0.0
565,36,305.0400524114358,10.0,0.5218959234146693,74.30786524926489,10.0,0.0494084668554597,107.19751154569455,1.5,0.0099219270102149,236.6795880990491,1.0,0.4334190815737724,202.02067436891997,1.5,0.6286642981844833,2.5,4.5,2.5,0,0,0,0,0,0,0,0,0,0,0,0,0,0,0,0,0,0,0,0,0,0,0,0,0,0,0,0,0,0,0,1565,2888023843.572284,0,0.0,0.0,4.193432258132346,0.0
580,83,67.07842911063867,1.0,0.6151823589161807,293.9486253464981,1.5,0.3987033417417088,104.98544810648666,10.0,0.0030516000170561,311.5169315002471,10.0,0.2293395127230419,204.94372356305217,10.0,0.8443464253497138,3.5,4.5,1.5,0,0,0,0,0,0,0,0,0,0,0,0,0,0,0,0,0,0,0,0,0,0,0,0,0,0,0,0,0,0,0,1580,2191858870.5766783,0,0.0,0.0,3.7152276685831063,0.0
586,51,152.59305098975454,10.0,0.4861737439169347,96.65462979446012,10.0,0.5801264621116891,94.73149011474284,10.0,0.1851394039368385,347.12458414459127,10.0,0.3956026298209997,65.2943546548269,10.0,0.4321102453706039,1.5,1.5,3.5,0,0,0,0,0,0,0,0,0,0,0,0,0,0,0,0,0,0,0,0,0,0,0,0,0,0,0,0,0,0,0,1586,1963613378.3035305,0,0.0,0.0,2.645438923722596,0.0
588,93,222.0945760204021,1.5,0.8702491029862909,101.1725385270937,1.5,0.7961639256141755,201.86148593971365,1.0,0.1115052762298652,176.3550192993247,1.0,0.9482955750118928,286.6014407055874,10.0,0.9954222276718928,4.5,1.5,3.5,0,0,0,0,0,0,0,0,0,0,0,0,0,0,0,0,0,0,0,0,0,0,0,0,0,0,0,0,0,0,0,1588,2015793270.1261687,0,0.0,0.0,3.56602496324568,0.0
590,15,136.47859345453546,1.5,0.8969352515707373,80.39328182344418,1.0,0.5515380819329492,288.6062084311088,10.0,0.0371558667543297,281.27583412902743,1.0,0.2057341450713251,277.8858699898778,1.5,0.3598832937045684,1.5,2.5,1.5,0,0,0,0,0,0,0,0,0,0,0,0,0,0,0,0,0,0,0,0,0,0,0,0,0,0,0,0,0,0,0,1590,2663719171.88036,0,0.0,0.0,3.5688599031476915,0.0
596,96,35.401247297569164,1.5,0.1081337312971217,244.1144017179156,1.0,0.3658700216438393,215.55331484944804,1.0,0.1370329202003972,340.5437554972007,10.0,0.7226518909045545,50.187220892808014,10.0,0.4972020654459875,2.5,1.5,3.5,0,0,0,0,0,0,0,0,0,0,0,0,0,0,0,0,0,0,0,0,0,0,0,0,0,0,0,0,0,0,0,1596,4831067944.859962,0,0.0,0.0,4.535169247131641,0.0
597,72,161.81113901251226,10.0,0.6465478430973064,163.56311388351557,1.0,0.4133475710996528,88.75542835332493,1.5,0.1128669674739194,33.612986942665,10.0,0.3170227362345418,84.54384139106175,1.5,0.2042061207085236,3.5,4.5,3.5,0,0,0,0,0,0,0,0,0,0,0,0,0,0,0,0,0,0,0,0,0,0,0,0,0,0,0,0,0,0,0,1597,1765245132.671543,0,0.0,0.0,3.6858444918147386,0.0
598,84,105.40547711706049,10.0,0.1424780800065869,116.17680698436588,1.0,0.6648689006229522,165.18884857032606,10.0,0.090047014199187,297.3620535223361,1.5,0.669026595465397,287.7338275519421,1.0,0.5482155071108132,3.5,4.5,4.5,0,0,0,0,0,0,0,0,0,0,0,0,0,0,0,0,0,0,0,0,0,0,0,0,0,0,0,0,0,0,0,1598,3128600639.149038,0,0.0,0.0,4.208880704306411,0.0
599,122,339.23089877871763,1.5,0.8381966537454543,332.9206487789074,10.0,0.3289444314871033,248.23995869347692,10.0,0.1949869486751044,197.473283962744,1.5,0.4772681408632545,75.03034413734615,1.5,0.883031519034166,2.5,3.5,1.5,0,0,0,0,0,0,0,0,0,0,0,0,0,0,0,0,0,0,0,0,0,0,0,0,0,0,0,0,0,0,0,1599,1760106975.7416823,0,0.0,0.0,2.681023669669064,0.0
602,60,328.40018827015274,1.0,0.6445697214019607,76.7707998745762,1.5,0.6947253457956946,178.19160636475505,1.5,0.1091303870933692,329.4478181618045,1.0,0.4867838694783707,259.4062302329508,1.5,0.9867837733641812,4.5,2.5,2.5,0,0,0,0,0,0,0,0,0,0,0,0,0,0,0,0,0,0,0,0,0,0,0,0,0,0,0,0,0,0,0,1602,2032964730.7665503,0,0.0,0.0,3.659331428959815,0.0
610,22,202.1598029686621,1.0,0.2790956240796129,263.8065935591013,10.0,0.9905917706708448,182.47565952603128,1.5,0.0354643250543157,109.71228580677749,1.5,0.0251168255352076,247.93680408001524,1.5,0.8765705409306301,3.5,2.5,1.5,0,0,0,0,0,0,0,0,0,0,0,0,0,0,0,0,0,0,0,0,0,0,0,0,0,0,0,0,0,0,0,1610,5181526516.528612,0,0.0,0.0,5.060876505633038,0.0
611,33,93.9499066016643,10.0,0.6856634392209181,194.5137542488302,1.5,0.7515546919235632,284.54418777190585,1.0,0.2195869391476242,125.79884113915674,10.0,0.7642286054052118,241.3252956246435,1.5,0.139134443384446,4.5,2.5,4.5,0,0,0,0,0,0,0,0,0,0,0,0,0,0,0,0,0,0,0,0,0,0,0,0,0,0,0,0,0,0,0,1611,1298601782.8718705,0,0.0,0.0,2.72462198141208,0.0
615,44,157.8759289374277,1.0,0.7022350838000221,299.56410944906384,1.5,0.4617125056098964,210.84600318701067,10.0,0.1564263359762532,338.1098327864897,10.0,0.465905149329546,329.5795439879242,1.5,0.7786329411318597,3.5,4.5,4.5,0,0,0,0,0,0,0,0,0,0,0,0,0,0,0,0,0,0,0,0,0,0,0,0,0,0,0,0,0,0,0,1615,1541086614.6207938,0,0.0,0.0,3.502937052618611,0.0
621,36,258.7537795307797,10.0,0.6618169512859412,90.61048802308244,1.0,0.2917952306764811,120.07673119743032,1.0,0.2242238659304011,180.53252403569263,10.0,0.5593044507057784,159.02211933465654,10.0,0.3917963630412377,3.5,4.5,1.5,0,0,0,0,0,0,0,0,0,0,0,0,0,0,0,0,0,0,0,0,0,0,0,0,0,0,0,0,0,0,0,1621,1226942848.306072,0,0.0,0.0,2.015765656757388,0.0
628,37,97.77703202295356,1.5,0.1997284549698826,304.2820811400873,1.5,0.9854188201178624,280.8768558757137,10.0,0.1160459713025897,45.26970605496656,1.0,0.2622567547380767,177.99880181664423,1.0,0.8054710804606957,4.5,3.5,4.5,0,0,0,0,0,0,0,0,0,0,0,0,0,0,0,0,0,0,0,0,0,0,0,0,0,0,0,0,0,0,0,1628,3155620868.4093857,0,0.0,0.0,4.265410183844021,0.0
634,94,42.42273231244809,1.5,0.7778054909864938,335.4196127011217,1.0,0.5332609458291191,131.9261501056833,1.0,0.1629378262331878,108.60334028719298,10.0,0.0393505670628896,206.24459491097605,10.0,0.3712810147924629,3.5,2.5,3.5,0,0,0,0,0,0,0,0,0,0,0,0,0,0,0,0,0,0,0,0,0,0,0,0,0,0,0,0,0,0,0,1634,1454205123.6969142,0,0.0,0.0,2.611221356254388,0.0
635,78,298.9333083059728,1.0,0.1696087898223188,226.41602314749008,1.5,0.2796804919699073,186.1375299008321,1.0,0.0149294822275091,94.49537850677592,1.0,0.893802324561499,206.4057038630854,1.5,0.6267563102242049,3.5,3.5,3.5,0,0,0,0,0,0,0,0,0,0,0,0,0,0,0,0,0,0,0,0,0,0,0,0,0,0,0,0,0,0,0,1635,3480015901.866882,0,0.0,0.0,4.013654848616667,0.0
642,130,129.49399385024853,1.0,0.6116385675852068,127.7301539582984,1.5,0.6045356493511722,112.81696264899524,1.5,0.1998845371204325,277.32864338085074,1.5,0.734773370041938,291.8113219107912,1.5,0.5468390179450301,2.5,2.5,2.5,0,0,0,0,0,0,0,0,0,0,0,0,0,0,0,0,0,0,0,0,0,0,0,0,0,0,0,0,0,0,0,1642,1672299844.9353104,0,0.0,0.0,2.650607089971412,0.0
643,73,64.3827119453648,1.0,0.5260145834073103,155.63103242804272,1.0,0.0302499800821727,215.95309710021883,10.0,0.1345014012176275,33.079132680342056,10.0,0.8024540714365054,341.7375708587012,1.5,0.9599672605962658,4.5,1.5,4.5,0,0,0,0,0,0,0,0,0,0,0,0,0,0,0,0,0,0,0,0,0,0,0,0,0,0,0,0,0,0,0,1643,1397649564.710785,0,0.0,0.0,1.5855426202476983,0.0
650,50,149.71370362525138,10.0,0.6878759041848808,128.80187318859146,10.0,0.5771646859647185,61.75295779972243,10.0,0.0010453536592159,184.32022675278137,1.0,0.8696649291968306,308.4945093811337,10.0,0.0420182509132982,1.5,1.5,1.5,0,0,0,0,0,0,0,0,0,0,0,0,0,0,0,0,0,0,0,0,0,0,0,0,0,0,0,0,0,0,0,1650,3402642227.246502,0,0.0,0.0,3.93254583063788,0.0
664,59,209.474096861523,1.5,0.3491546906573013,222.4674454447032,10.0,0.0419690733599153,281.9980867180742,1.5,0.039594088789224,188.8880719901778,1.5,0.2589547472683528,193.92058470022647,10.0,0.3700041133961166,4.5,1.5,1.5,0,0,0,0,0,0,0,0,0,0,0,0,0,0,0,0,0,0,0,0,0,0,0,0,0,0,0,0,0,0,0,1664,5671025472.054323,0,0.0,0.0,5.364213181878463,0.0
667,60,244.31761925504475,1.0,0.5073435943228817,50.246714744291495,10.0,0.3384843772897418,91.89173308382723,1.0,0.1841069486651204,64.43145320793283,10.0,0.1597661713035729,316.4391088553841,1.0,0.1938112800004792,3.5,3.5,2.5,0,0,0,0,0,0,0,0,0,0,0,0,0,0,0,0,0,0,0,0,0,0,0,0,0,0,0,0,0,0,0,1667,1692221839.6524491,0,0.0,0.0,2.9048075318603663,0.0
674,115,73.9221684828486,10.0,0.9708037176243662,301.15349007504403,1.0,0.5939846635996978,141.67159292355666,1.5,0.0704249038495103,127.52250951028932,1.0,0.8090711253436913,197.8168491198251,1.5,0.3375071401630995,4.5,2.5,1.5,0,0,0,0,0,0,0,0,0,0,0,0,0,0,0,0,0,0,0,0,0,0,0,0,0,0,0,0,0,0,0,1674,2174302556.9537377,0,0.0,0.0,3.539008639762564,0.0
675,10,276.7166552597052,1.0,0.5415343023515474,157.26071815531265,10.0,0.3512294678481565,80.62550117254483,10.0,0.0806954795758693,343.3216034359378,1.0,0.3169574825230739,51.4255255427867,1.5,0.8527307028865556,2.5,3.5,3.5,0,0,0,0,0,0,0,0,0,0,0,0,0,0,0,0,0,0,0,0,0,0,0,0,0,0,0,0,0,0,0,1675,2172708196.48708,0,0.0,0.0,3.789566231635964,0.0
678,52,200.09243224826125,1.5,0.5591852428277325,288.7276839979962,10.0,0.6784069524537447,100.1467764481464,10.0,0.2084402662061756,178.45220825705488,1.5,0.1842590947308793,123.75922344579988,1.5,0.1928018949699351,2.5,4.5,4.5,0,0,0,0,0,0,0,0,0,0,0,0,0,0,0,0,0,0,0,0,0,0,0,0,0,0,0,0,0,0,0,1678,946912220.1019298,0,0.0,0.0,1.903762590890068,0.0
683,53,277.1364281538058,1.5,0.839889106838282,145.9835097329795,10.0,0.661719463342904,271.158202824316,1.0,0.0773605442817074,171.2045026791439,10.0,0.5286731255883036,66.48383687487052,1.0,0.975492889470004,2.5,4.5,3.5,0,0,0,0,0,0,0,0,0,0,0,0,0,0,0,0,0,0,0,0,0,0,0,0,0,0,0,0,0,0,0,1683,1807885517.900312,0,0.0,0.0,3.578858235997153,0.0
688,44,131.57224779999768,10.0,0.6282436777135986,336.8509629460248,1.5,0.8683079512778568,193.9771424155353,1.0,0.1291838674544314,307.0001161116821,1.0,0.8282703379834718,140.89609633139474,1.5,0.7016163684992396,2.5,4.5,1.5,0,0,0,0,0,0,0,0,0,0,0,0,0,0,0,0,0,0,0,0,0,0,0,0,0,0,0,0,0,0,0,1688,2222207664.276117,0,0.0,0.0,3.6060535204199486,0.0
691,113,88.41903930478712,1.0,0.800034102048708,290.5979322553274,1.0,0.0074920448745297,49.24907730611911,1.0,0.030411994352585,238.12975789922837,10.0,0.9504861949971816,247.3839459447788,10.0,0.6502878010640132,4.5,1.5,4.5,0,0,0,0,0,0,0,0,0,0,0,0,0,0,0,0,0,0,0,0,0,0,0,0,0,0,0,0,0,0,0,1691,1953162665.452211,0,0.0,0.0,2.7418393737518656,0.0
693,116,113.48056409009251,1.0,0.4702531639850228,349.406008120702,10.0,0.145822681808673,124.21435547710834,10.0,0.0989613587152389,120.29213138229676,10.0,0.4146004839866305,113.94143594536112,10.0,0.3016387199516942,2.5,3.5,1.5,0,0,0,0,0,0,0,0,0,0,0,0,0,0,0,0,0,0,0,0,0,0,0,0,0,0,0,0,0,0,0,1693,2916704685.1590185,0,0.0,0.0,3.9636867113879175,0.0
696,39,151.82191364764748,1.0,0.1290188210248171,131.78227278137228,1.0,0.3312086331361704,299.1555200018165,10.0,0.1394706002355909,208.86836820165252,10.0,0.7621253053568456,215.30793641960116,10.0,0.5803349198021571,4.5,4.5,3.5,0,0,0,0,0,0,0,0,0,0,0,0,0,0,0,0,0,0,0,0,0,0,0,0,0,0,0,0,0,0,0,1696,2387555951.406188,0,0.0,0.0,2.546523520118801,0.0
707,63,264.51507080652715,1.0,0.2860706810538999,275.94099609347467,1.0,0.2575718071776074,338.6056260588281,10.0,0.1669146385643632,239.2158135493146,10.0,0.6987304323792219,43.335226203805625,1.5,0.6747757768171833,1.5,2.5,2.5,0,0,0,0,0,0,0,0,0,0,0,0,0,0,0,0,0,0,0,0,0,0,0,0,0,0,0,0,0,0,0,1707,3668435649.8897614,0,0.0,0.0,2.434637869422943,0.0
708,113,264.7899774278684,1.5,0.4412218679948084,52.50244328301197,1.0,0.5534366654489934,101.18068907913543,1.0,0.1189690359506736,59.43964226566944,1.0,0.9973562732436728,73.48339423444199,1.5,0.4990908646690799,3.5,1.5,4.5,0,0,0,0,0,0,0,0,0,0,0,0,0,0,0,0,0,0,0,0,0,0,0,0,0,0,0,0,0,0,0,1708,2451113658.160312,0,0.0,0.0,3.829944683982705,0.0
711,35,102.75010883186296,1.5,0.6928823415455413,247.2219327205593,1.0,0.4224880574558916,43.684293128899085,1.5,0.2029981779286915,142.9127227589196,10.0,0.8012845130959715,107.46092593454505,1.0,0.229012730980694,1.5,3.5,1.5,0,0,0,0,0,0,0,0,0,0,0,0,0,0,0,0,0,0,0,0,0,0,0,0,0,0,0,0,0,0,0,1711,2096764581.4919364,0,0.0,0.0,2.8532812388175097,0.0
712,64,174.81279547473451,10.0,0.959318786919725,218.2018807401581,10.0,0.08970180532893,249.17708210952867,1.0,0.2168385087408412,243.39403023264168,1.0,0.3286692953665964,184.9128539076144,1.0,0.6115855995762937,1.5,2.5,3.5,0,0,0,0,0,0,0,0,0,0,0,0,0,0,0,0,0,0,0,0,0,0,0,0,0,0,0,0,0,0,0,1712,1334380871.011556,0,0.0,0.0,1.503957345560644,0.0
726,16,258.9357716316103,1.5,0.8768332165289594,136.71344836049008,1.5,0.1436005187193582,140.51906948092628,1.0,0.2118758796776974,124.56343099068258,1.5,0.5242197286069457,63.11969941996392,1.0,0.9421468600544268,2.5,4.5,4.5,0,0,0,0,0,0,0,0,0,0,0,0,0,0,0,0,0,0,0,0,0,0,0,0,0,0,0,0,0,0,0,1726,1605351522.544577,0,0.0,0.0,2.985082636501733,0.0
737,36,70.94706909131921,10.0,0.1615076115655992,73.29203170265468,1.5,0.2590559704064203,302.8828025912437,1.5,0.1326522081028109,127.60132354807334,1.0,0.9534214765780752,124.10982723193244,1.5,0.997650611577288,1.5,3.5,4.5,0,0,0,0,0,0,0,0,0,0,0,0,0,0,0,0,0,0,0,0,0,0,0,0,0,0,0,0,0,0,0,1737,3744864768.9527454,0,0.0,0.0,3.610400721306325,0.0
744,55,326.7148841468233,10.0,0.6270818621671976,111.40022322236764,1.5,0.7274316540569883,153.41246176944338,10.0,0.1539949762578879,163.74260514822316,1.5,0.2180784122102455,242.41622036625952,1.0,0.0842444687986109,4.5,3.5,1.5,0,0,0,0,0,0,0,0,0,0,0,0,0,0,0,0,0,0,0,0,0,0,0,0,0,0,0,0,0,0,0,1744,1879705356.1366143,0,0.0,0.0,3.2707436996528503,0.0
755,132,336.26934551636015,10.0,0.5192065945175326,78.89243445915898,1.5,0.4280668010715923,314.155788037641,1.5,0.0475020628809714,156.2657961920002,10.0,0.9930691879755732,102.89813273726595,1.5,0.0048866474406424,4.5,4.5,1.5,0,0,0,0,0,0,0,0,0,0,0,0,0,0,0,0,0,0,0,0,0,0,0,0,0,0,0,0,0,0,0,1755,2137456056.6193569,0,0.0,0.0,3.742450610469872,0.0
758,85,288.2118968656023,1.0,0.1356697015771851,122.0866209926357,1.0,0.75083667267081,201.20851275941988,1.5,0.1315124449137535,43.62843292544476,10.0,0.4085883674240058,48.70093408245452,10.0,0.6229411389474834,3.5,1.5,2.5,0,0,0,0,0,0,0,0,0,0,0,0,0,0,0,0,0,0,0,0,0,0,0,0,0,0,0,0,0,0,0,1758,3121652107.832976,0,0.0,0.0,1.9568925423988803,0.0
764,99,89.99310356752932,1.5,0.5323721102882051,291.89924226824576,10.0,0.7083027201732868,137.44538186533816,10.0,0.0612958565627479,35.417321721000526,1.5,0.4366621240207905,210.88743701113216,10.0,0.3679773333181488,2.5,3.5,3.5,0,0,0,0,0,0,0,0,0,0,0,0,0,0,0,0,0,0,0,0,0,0,0,0,0,0,0,0,0,0,0,1764,2065841062.148711,0,0.0,0.0,3.698018918148872,0.0
777,58,150.55322334824467,10.0,0.7098290294567295,311.4455855015813,1.5,0.8856232126755199,160.60021353147596,1.0,0.0828481163735011,69.02079751003058,10.0,0.0237397808399712,185.52219190609816,10.0,0.1884174693759369,4.5,4.5,1.5,0,0,0,0,0,0,0,0,0,0,0,0,0,0,0,0,0,0,0,0,0,0,0,0,0,0,0,0,0,0,0,1777,1953552224.5298731,0,0.0,0.0,3.5973797363846383,0.0
782,31,94.63563721619126,10.0,0.2601575780004248,334.67839051768226,1.0,0.3974030176143446,68.81318829808609,10.0,0.2058296512847381,66.00436594325251,1.5,0.0854700204260146,128.72074820653123,1.0,0.5509904098886886,3.5,4.5,4.5,0,0,0,0,0,0,0,0,0,0,0,0,0,0,0,0,0,0,0,0,0,0,0,0,0,0,0,0,0,0,0,1782,2520416853.601649,0,0.0,0.0,2.8177230412983985,0.0
788,83,250.20508352895948,1.0,0.3538264496942603,269.7014994694646,1.0,0.8088316796220091,189.16836584630795,1.5,0.0600445124869212,138.11678894712597,1.0,0.0050675133856259,111.051085687141,10.0,0.0222959676990471,3.5,4.5,2.5,0,0,0,0,0,0,0,0,0,0,0,0,0,0,0,0,0,0,0,0,0,0,0,0,0,0,0,0,0,0,0,1788,3579699200.269113,0,0.0,0.0,4.7652015431591455,0.0
791,8,166.51768240294487,1.5,0.905113109523524,139.70161638954767,1.5,0.666514364086213,198.5371449201485,1.5,0.1025877501352276,78.80072535371949,1.5,0.8850305649089445,131.9628614065695,1.5,0.7697184916286754,1.5,2.5,4.5,0,0,0,0,0,0,0,0,0,0,0,0,0,0,0,0,0,0,0,0,0,0,0,0,0,0,0,0,0,0,0,1791,2198386546.379581,0,0.0,0.0,3.599818527143136,0.0
797,130,314.59914191330245,10.0,0.6206016058017498,76.35714632692914,1.5,0.5791972281484047,257.15540419163034,1.5,0.0185382819814982,36.67196319084496,1.5,0.7995184542867795,207.2063719104317,10.0,0.7326607826293765,3.5,4.5,1.5,0,0,0,0,0,0,0,0,0,0,0,0,0,0,0,0,0,0,0,0,0,0,0,0,0,0,0,0,0,0,0,1797,2073448963.627184,0,0.0,0.0,3.5717406557606424,0.0
804,60,253.98263245087944,10.0,0.5794177356513724,181.577933514466,1.5,0.0122808162354044,178.89688999471502,1.0,0.1458286570908187,339.15778957588304,10.0,0.981957688138888,63.84122451310633,10.0,0.4042122005888287,3.5,4.5,4.5,0,0,0,0,0,0,0,0,0,0,0,0,0,0,0,0,0,0,0,0,0,0,0,0,0,0,0,0,0,0,0,1804,876194161.4608365,0,0.0,0.0,1.0080462509796966,0.0
805,59,88.21065579086314,10.0,0.8587572835855115,82.78107411537957,10.0,0.9914325698502608,195.92217215765373,1.5,0.1076153965382726,347.08303317496626,10.0,0.7035044693983723,119.94422136226396,10.0,0.2480218421061443,4.5,2.5,2.5,0,0,0,0,0,0,0,0,0,0,0,0,0,0,0,0,0,0,0,0,0,0,0,0,0,0,0,0,0,0,0,1805,1934514204.6635287,0,0.0,0.0,3.559631385804573,0.0
811,84,181.19966239383064,10.0,0.613373515769661,164.32045570342555,1.5,0.3417101546096802,34.83293381987838,10.0,0.160775963586823,103.4827366193453,10.0,0.803853389234426,208.10244508670976,1.0,0.4739018981805167,4.5,3.5,4.5,0,0,0,0,0,0,0,0,0,0,0,0,0,0,0,0,0,0,0,0,0,0,0,0,0,0,0,0,0,0,0,1811,1266201418.4342318,0,0.0,0.0,2.762796744656508,0.0
815,14,111.68594251548312,10.0,0.2551020732412793,70.88745492721858,1.0,0.0577331682641225,183.37191736974827,1.0,0.1364657529888062,300.6816814943604,10.0,0.7593025227176734,109.03478187820484,1.0,0.9073862033360098,2.5,3.5,2.5,0,0,0,0,0,0,0,0,0,0,0,0,0,0,0,0,0,0,0,0,0,0,0,0,0,0,0,0,0,0,0,1815,3831957013.238203,0,0.0,0.0,3.322179764296924,0.0
821,45,112.2176296879013,10.0,0.7428278498765531,346.5662246436442,1.5,0.7230577564101519,233.43497328714048,10.0,0.0550894328145746,70.040614448089,1.5,0.3079896179183743,267.82549161231765,1.5,0.3471744545244177,3.5,2.5,2.5,0,0,0,0,0,0,0,0,0,0,0,0,0,0,0,0,0,0,0,0,0,0,0,0,0,0,0,0,0,0,0,1821,2084931376.8370447,0,0.0,0.0,3.611155300817967,0.0
822,70,211.10974815353148,1.5,0.4959698492921338,43.15814476774669,1.0,0.0469326195165762,157.35505980123625,1.0,0.1951932880087056,215.168741402587,1.5,0.8356371750245476,221.92594670106945,10.0,0.2336616202652675,4.5,2.5,4.5,0,0,0,0,0,0,0,0,0,0,0,0,0,0,0,0,0,0,0,0,0,0,0,0,0,0,0,0,0,0,0,1822,1669454609.764389,0,0.0,0.0,2.427122494158369,0.0
832,94,155.33923848752025,1.0,0.1260054454109523,91.64953573446708,1.0,0.2631331562088063,185.5385566001721,10.0,0.0050710269735399,329.9369826108624,10.0,0.1068240451250845,330.5855726481297,10.0,0.9777689012887268,2.5,2.5,4.5,0,0,0,0,0,0,0,0,0,0,0,0,0,0,0,0,0,0,0,0,0,0,0,0,0,0,0,0,0,0,0,1832,4432992227.5661335,0,0.0,0.0,5.061205840925272,0.0
845,15,246.4367541198756,1.5,0.1527475356875865,326.4414607182639,1.0,0.3002117243766389,132.4751174916355,1.0,0.0029427011728706,183.4875880207891,1.0,0.3264762741676896,294.1458256569172,1.5,0.0035615333227353,1.5,2.5,4.5,0,0,0,0,0,0,0,0,0,0,0,0,0,0,0,0,0,0,0,0,0,0,0,0,0,0,0,0,0,0,0,1845,4945421095.485703,0,0.0,0.0,5.047040735876512,0.0
848,124,126.06480013487628,10.0,0.7457643970826319,227.5517102718379,1.5,0.1686589534990345,98.52081900838678,1.0,0.0179024174511559,34.86340665290945,1.0,0.8658334041400997,63.341131271984345,10.0,0.912622811821178,3.5,2.5,1.5,0,0,0,0,0,0,0,0,0,0,0,0,0,0,0,0,0,0,0,0,0,0,0,0,0,0,0,0,0,0,0,1848,2668210024.83625,0,0.0,0.0,3.8327953406494784,0.0
852,24,275.6675106441847,10.0,0.4454459393179043,79.51873902972108,1.5,0.2718025298376572,298.5419971174037,1.5,0.1901898615365921,31.96196673900201,1.5,0.9291152377504902,346.971341118049,10.0,0.1716443779823591,1.5,2.5,4.5,0,0,0,0,0,0,0,0,0,0,0,0,0,0,0,0,0,0,0,0,0,0,0,0,0,0,0,0,0,0,0,1852,2418853525.170289,0,0.0,0.0,3.23313200094206,0.0
862,75,252.77265550838672,1.5,0.5042996867171822,239.6013269953897,1.0,0.4992472101528383,180.09322786495056,1.5,0.0659921234150927,206.4657328955509,10.0,0.9648495453264124,76.55227265251573,1.5,0.7218707151972836,3.5,1.5,4.5,0,0,0,0,0,0,0,0,0,0,0,0,0,0,0,0,0,0,0,0,0,0,0,0,0,0,0,0,0,0,0,1862,2191875366.8137894,0,0.0,0.0,3.656730022625478,0.0
869,30,289.9262101774646,1.0,0.8217145651506037,142.40001629460403,1.0,0.2803689200580099,152.60452044959635,1.5,0.1693282738982675,282.85600718305784,10.0,0.2781871725782091,129.09061835266544,1.0,0.5042032272076591,1.5,3.5,4.5,0,0,0,0,0,0,0,0,0,0,0,0,0,0,0,0,0,0,0,0,0,0,0,0,0,0,0,0,0,0,0,1869,1638748738.8607135,0,0.0,0.0,2.777757234826163,0.0
870,82,120.1201508566104,10.0,0.239947471403176,346.8050177291455,1.0,0.2428391318502215,107.5314017644364,10.0,0.1975099734888487,253.47240240451617,1.5,0.8375571155736892,146.4487993305747,1.0,0.5998030608087713,1.5,2.5,4.5,0,0,0,0,0,0,0,0,0,0,0,0,0,0,0,0,0,0,0,0,0,0,0,0,0,0,0,0,0,0,0,1870,3404277013.588666,0,0.0,0.0,2.610572524636946,0.0
871,67,63.26252521697386,1.5,0.9368171004237018,158.86930138547478,1.0,0.1004024404050092,35.69424811438125,1.0,0.0961349502571634,40.03326985862137,10.0,0.5736541003771879,177.52335892752586,1.5,0.8120900945907853,3.5,2.5,2.5,0,0,0,0,0,0,0,0,0,0,0,0,0,0,0,0,0,0,0,0,0,0,0,0,0,0,0,0,0,0,0,1871,2675196302.5125265,0,0.0,0.0,3.995493130081892,0.0
872,115,245.16262316037285,10.0,0.1405853843605536,287.7320041068954,1.0,0.0817813957091337,314.93448276427495,1.0,0.2178187478831989,84.13042716054585,10.0,0.8591583879946776,333.4979389249107,10.0,0.3202249526382721,3.5,2.5,2.5,0,0,0,0,0,0,0,0,0,0,0,0,0,0,0,0,0,0,0,0,0,0,0,0,0,0,0,0,0,0,0,1872,2816665563.9666367,0,0.0,0.0,1.929032462117424,0.0
873,88,139.56410200292385,10.0,0.9170074261861484,109.0844635057108,10.0,0.737384542156843,31.449890987000657,1.5,0.1938994171700526,176.63320937560425,1.0,0.7285088186200187,120.3565056573682,10.0,0.3142283028711035,2.5,4.5,1.5,0,0,0,0,0,0,0,0,0,0,0,0,0,0,0,0,0,0,0,0,0,0,0,0,0,0,0,0,0,0,0,1873,1653439769.7702107,0,0.0,0.0,2.6744609962036474,0.0
874,3,58.34765136756397,10.0,0.7465390088284427,263.5249273212796,1.5,0.9945802027167188,77.25637797259895,1.5,0.0937625846722147,44.1754287886049,10.0,0.4274837284059931,215.95691228111824,10.0,0.5232617775025739,3.5,4.5,4.5,0,0,0,0,0,0,0,0,0,0,0,0,0,0,0,0,0,0,0,0,0,0,0,0,0,0,0,0,0,0,0,1874,1542932106.4963667,0,0.0,0.0,3.570750414086528,0.0
887,47,205.29125522850347,1.5,0.8649897119614305,261.1186194634213,1.5,0.5681581139796532,30.496137754589224,1.0,0.0941610624557508,71.94363718747283,1.5,0.3022403777278746,278.9618366769728,10.0,0.4212089566145449,4.5,4.5,1.5,0,0,0,0,0,0,0,0,0,0,0,0,0,0,0,0,0,0,0,0,0,0,0,0,0,0,0,0,0,0,0,1887,1958876697.3198333,0,0.0,0.0,3.5820058352269784,0.0
889,104,208.63443128340464,1.0,0.2818354024734525,312.6875204806046,1.0,0.152758321853066,300.9288507182195,1.5,0.0465306592336749,34.508133297093245,1.0,0.2218207557040264,202.1953517659362,1.5,0.3352415484904072,1.5,3.5,1.5,0,0,0,0,0,0,0,0,0,0,0,0,0,0,0,0,0,0,0,0,0,0,0,0,0,0,0,0,0,0,0,1889,5780104316.428034,0,0.0,0.0,5.1336977840292,0.0
900,70,250.83880309831983,1.0,0.3210504667699943,296.7452054378565,10.0,0.6575494160569183,251.64346049128403,10.0,0.1159552936204986,57.22451288387727,1.0,0.1780308050824877,275.12103118640755,1.5,0.2242421041271248,2.5,4.5,2.5,0,0,0,0,0,0,0,0,0,0,0,0,0,0,0,0,0,0,0,0,0,0,0,0,0,0,0,0,0,0,0,1900,4397651467.696299,0,0.0,0.0,4.9565013410171925,0.0
909,43,347.1876018006075,1.5,0.1541902682096068,231.6076392990632,1.0,0.2001584445117052,80.34471580253238,1.0,0.1647165756760943,61.83742513956239,10.0,0.949108799732322,341.2537833900478,10.0,0.8209656424246952,3.5,4.5,3.5,0,0,0,0,0,0,0,0,0,0,0,0,0,0,0,0,0,0,0,0,0,0,0,0,0,0,0,0,0,0,0,1909,2265161644.1230025,0,0.0,0.0,1.9233182302993657,0.0
913,124,64.56901751287121,10.0,0.7532967599525614,231.2864189407325,1.0,0.8475617406622127,129.5845107420353,10.0,0.1734937086287878,198.09432530869933,1.5,0.5433206914153168,139.39361144285868,1.5,0.1656212557093895,2.5,3.5,3.5,0,0,0,0,0,0,0,0,0,0,0,0,0,0,0,0,0,0,0,0,0,0,0,0,0,0,0,0,0,0,0,1913,1409473354.9105234,0,0.0,0.0,2.6528326909404503,0.0
917,57,311.80417702494844,1.5,0.6820251661125472,345.0921239435846,10.0,0.5627214785897107,135.50572284497156,1.0,0.0569558398450704,282.0009266662206,10.0,0.2003784697391478,112.87402277154813,1.0,0.0965637118670484,1.5,2.5,3.5,0,0,0,0,0,0,0,0,0,0,0,0,0,0,0,0,0,0,0,0,0,0,0,0,0,0,0,0,0,0,0,1917,2328188293.1559453,0,0.0,0.0,3.586654440512493,0.0
923,107,269.96301579839087,1.5,0.203308033416876,104.41273951089003,1.0,0.4195225944964298,131.52693979054516,1.5,0.0889915198287562,80.84679882907335,10.0,0.9076975961668082,334.4750691582976,1.5,0.0071457401869599,1.5,4.5,2.5,0,0,0,0,0,0,0,0,0,0,0,0,0,0,0,0,0,0,0,0,0,0,0,0,0,0,0,0,0,0,0,1923,3099514974.649327,0,0.0,0.0,2.134134305219274,0.0
933,120,284.8900267347871,1.5,0.4184984832750773,169.37237290550914,1.0,0.4235880383919768,328.5449836050518,10.0,0.1135525692216107,148.285528193902,10.0,0.777424764603032,49.87823705132581,1.0,0.6484261015577334,3.5,1.5,2.5,0,0,0,0,0,0,0,0,0,0,0,0,0,0,0,0,0,0,0,0,0,0,0,0,0,0,0,0,0,0,0,1933,2905181926.165965,0,0.0,0.0,3.91537282384669,0.0
953,113,265.41704377512366,1.5,0.6107341236368702,89.67720515115712,1.0,0.8710793495638472,305.3979088089499,10.0,0.1444235229628037,131.7745964185251,1.5,0.0649874018540037,125.8924673339594,1.5,0.6619972754670688,1.5,2.5,2.5,0,0,0,0,0,0,0,0,0,0,0,0,0,0,0,0,0,0,0,0,0,0,0,0,0,0,0,0,0,0,0,1953,2423671032.962999,0,0.0,0.0,3.455687807659567,0.0
956,57,307.4527446603594,1.0,0.7141487451579565,269.2601387157591,10.0,0.1799588274825433,341.0006970189896,1.5,0.0722663222929701,161.76338744886067,10.0,0.0561664653383543,328.39430621207174,1.5,0.2127615572173242,1.5,1.5,4.5,0,0,0,0,0,0,0,0,0,0,0,0,0,0,0,0,0,0,0,0,0,0,0,0,0,0,0,0,0,0,0,1956,2733731707.0233407,0,0.0,0.0,3.775664082081884,0.0
957,17,148.45786345146945,1.5,0.5809737671889299,299.26563449254894,1.5,0.9052902586214642,171.46201540078758,1.0,0.1588624978893993,78.08555042588418,1.0,0.3676268904813832,92.9110622181602,10.0,0.384866990479586,4.5,2.5,2.5,0,0,0,0,0,0,0,0,0,0,0,0,0,0,0,0,0,0,0,0,0,0,0,0,0,0,0,0,0,0,0,1957,1850180313.3693357,0,0.0,0.0,3.300449510449982,0.0
961,43,80.7481324555617,1.5,0.9350900795303048,330.0803141039595,10.0,0.1549989467113615,312.8994028087491,1.0,0.1175397029840718,219.921032990792,1.0,0.2980798634185104,54.0830756493696,10.0,0.5033506502568793,2.5,3.5,2.5,0,0,0,0,0,0,0,0,0,0,0,0,0,0,0,0,0,0,0,0,0,0,0,0,0,0,0,0,0,0,0,1961,2447952964.131118,0,0.0,0.0,3.868321334507936,0.0
962,51,160.28122839837962,1.5,0.598052146828812,66.67197165307067,10.0,0.1731080492351779,166.476574706677,1.5,0.0862424574957595,34.14662833727881,1.0,0.6867774171506723,268.89791334595475,10.0,0.2219375669237051,2.5,1.5,1.5,0,0,0,0,0,0,0,0,0,0,0,0,0,0,0,0,0,0,0,0,0,0,0,0,0,0,0,0,0,0,0,1962,2970657218.4539647,0,0.0,0.0,3.6852790527761647,0.0
963,8,145.26173769893882,10.0,0.5188558065378995,140.41311370959846,10.0,0.9996734035264372,165.83045949497676,10.0,0.1706534896075738,65.49741689158225,1.5,0.498254515668394,264.1021410208539,10.0,0.8514128419439736,3.5,3.5,2.5,0,0,0,0,0,0,0,0,0,0,0,0,0,0,0,0,0,0,0,0,0,0,0,0,0,0,0,0,0,0,0,1963,1531975610.9025755,0,0.0,0.0,2.7439369262518465,0.0
966,46,328.82248295341543,1.0,0.1831228141094232,209.21564399731037,1.0,0.3026471482092438,106.28264803337784,10.0,0.1878327994760418,270.36432608644304,1.0,0.9632581299834692,59.71009024699617,1.5,0.5947809689689528,3.5,1.5,4.5,0,0,0,0,0,0,0,0,0,0,0,0,0,0,0,0,0,0,0,0,0,0,0,0,0,0,0,0,0,0,0,1966,2756332679.464082,0,0.0,0.0,1.9116844817236929,0.0
967,19,341.7866030005333,10.0,0.4047071079169907,38.382777197002085,1.0,0.3482401185726302,282.4541707452705,1.0,0.0292105413635951,226.67632158054616,1.0,0.2819226572714448,283.968674769165,1.0,0.2382483790246728,3.5,3.5,2.5,0,0,0,0,0,0,0,0,0,0,0,0,0,0,0,0,0,0,0,0,0,0,0,0,0,0,0,0,0,0,0,1967,2688751662.992114,0,0.0,0.0,4.101317973123899,0.0
976,9,83.98049484631095,10.0,0.836273087820551,262.480194814107,10.0,0.1381285955662688,278.81538241872465,1.5,0.2013060057208663,213.730617214166,1.5,0.8495601318607872,224.7645867725373,1.0,0.3210484871413734,4.5,1.5,1.5,0,0,0,0,0,0,0,0,0,0,0,0,0,0,0,0,0,0,0,0,0,0,0,0,0,0,0,0,0,0,0,1976,2169540592.8301926,0,0.0,0.0,2.884567159909807,0.0
985,67,139.10478006439013,10.0,0.61811557647876,66.81813769188241,10.0,0.9528040139695608,261.802041384372,1.0,0.0994936661459674,276.5556211045447,1.0,0.3754812165643211,280.86255773912194,1.0,0.7753997343198529,2.5,3.5,1.5,0,0,0,0,0,0,0,0,0,0,0,0,0,0,0,0,0,0,0,0,0,0,0,0,0,0,0,0,0,0,0,1985,2347337520.0380406,0,0.0,0.0,3.6255169908580736,0.0
986,51,39.12609660949792,1.5,0.9746361124190336,163.91376543773842,1.5,0.8947228091956899,171.11721803330892,1.0,0.0685980845271854,69.55966146274875,10.0,0.0282523812949066,300.6685628380929,1.0,0.3447293544176945,4.5,4.5,2.5,0,0,0,0,0,0,0,0,0,0,0,0,0,0,0,0,0,0,0,0,0,0,0,0,0,0,0,0,0,0,0,1986,1657491060.003518,0,0.0,0.0,3.446807477933264,0.0
989,76,292.6340871133754,1.5,0.9346648808980736,313.35960015629047,1.5,0.6169884482875617,278.17400713087414,1.0,0.0125510282416478,267.3295003405002,1.5,0.8179833250927059,223.8461716834256,1.5,0.211779589658564,1.5,2.5,4.5,0,0,0,0,0,0,0,0,0,0,0,0,0,0,0,0,0,0,0,0,0,0,0,0,0,0,0,0,0,0,0,1989,2187878558.2297997,0,0.0,0.0,3.5726960740328355,0.0
993,126,305.68330845130174,10.0,0.2175928640835506,246.5616076923106,1.5,0.0807076193019983,157.82161609430557,1.0,0.0691426150252564,214.6572687904728,10.0,0.1173764452781468,168.23991381327244,1.0,0.3969475121477788,2.5,3.5,4.5,0,0,0,0,0,0,0,0,0,0,0,0,0,0,0,0,0,0,0,0,0,0,0,0,0,0,0,0,0,0,0,1993,2612413769.4483585,0,0.0,0.0,2.169471457084757,0.0
